year,companyname,website,yearfounded
2003,Zana (Educational and Training Services),www.zana.io,2012
2004,Zana (Educational and Training Services),www.zana.io,2012
2005,Zana (Educational and Training Services),www.zana.io,2012
2006,Zana (Educational and Training Services),www.zana.io,2012
2007,Zana (Educational and Training Services),www.zana.io,2012
2008,Zana (Educational and Training Services),www.zana.io,2012
2009,Zana (Educational and Training Services),www.zana.io,2012
2010,Zana (Educational and Training Services),www.zana.io,2012
2011,Zana (Educational and Training Services),www.zana.io,2012
2012,Zana (Educational and Training Services),www.zana.io,2012
2013,Zana (Educational and Training Services),www.zana.io,2012
2014,Zana (Educational and Training Services),www.zana.io,2012
2015,Zana (Educational and Training Services),www.zana.io,2012
2016,Zana (Educational and Training Services),www.zana.io,2012
2017,Zana (Educational and Training Services),www.zana.io,2012
2018,Zana (Educational and Training Services),www.zana.io,2012
2019,Zana (Educational and Training Services),www.zana.io,2012
2020,Zana (Educational and Training Services),www.zana.io,2012
2021,Zana (Educational and Training Services),www.zana.io,2012
2022,Zana (Educational and Training Services),www.zana.io,2012
2023,Zana (Educational and Training Services),www.zana.io,2012
2024,Zana (Educational and Training Services),www.zana.io,2012
2003,BCV Social,www.bcvsocial.com,2009
2004,BCV Social,www.bcvsocial.com,2009
2005,BCV Social,www.bcvsocial.com,2009
2006,BCV Social,www.bcvsocial.com,2009
2007,BCV Social,www.bcvsocial.com,2009
2008,BCV Social,www.bcvsocial.com,2009
2009,BCV Social,www.bcvsocial.com,2009
2010,BCV Social,www.bcvsocial.com,2009
2011,BCV Social,www.bcvsocial.com,2009
2012,BCV Social,www.bcvsocial.com,2009
2013,BCV Social,www.bcvsocial.com,2009
2014,BCV Social,www.bcvsocial.com,2009
2015,BCV Social,www.bcvsocial.com,2009
2016,BCV Social,www.bcvsocial.com,2009
2017,BCV Social,www.bcvsocial.com,2009
2018,BCV Social,www.bcvsocial.com,2009
2019,BCV Social,www.bcvsocial.com,2009
2020,BCV Social,www.bcvsocial.com,2009
2021,BCV Social,www.bcvsocial.com,2009
2022,BCV Social,www.bcvsocial.com,2009
2023,BCV Social,www.bcvsocial.com,2009
2024,BCV Social,www.bcvsocial.com,2009
2003,G2See,www.g2see.com,2014
2004,G2See,www.g2see.com,2014
2005,G2See,www.g2see.com,2014
2006,G2See,www.g2see.com,2014
2007,G2See,www.g2see.com,2014
2008,G2See,www.g2see.com,2014
2009,G2See,www.g2see.com,2014
2010,G2See,www.g2see.com,2014
2011,G2See,www.g2see.com,2014
2012,G2See,www.g2see.com,2014
2013,G2See,www.g2see.com,2014
2014,G2See,www.g2see.com,2014
2015,G2See,www.g2see.com,2014
2016,G2See,www.g2see.com,2014
2017,G2See,www.g2see.com,2014
2018,G2See,www.g2see.com,2014
2019,G2See,www.g2see.com,2014
2020,G2See,www.g2see.com,2014
2021,G2See,www.g2see.com,2014
2022,G2See,www.g2see.com,2014
2023,G2See,www.g2see.com,2014
2024,G2See,www.g2see.com,2014
2003,Philo Media,www.philomedia.tv,2012
2004,Philo Media,www.philomedia.tv,2012
2005,Philo Media,www.philomedia.tv,2012
2006,Philo Media,www.philomedia.tv,2012
2007,Philo Media,www.philomedia.tv,2012
2008,Philo Media,www.philomedia.tv,2012
2009,Philo Media,www.philomedia.tv,2012
2010,Philo Media,www.philomedia.tv,2012
2011,Philo Media,www.philomedia.tv,2012
2012,Philo Media,www.philomedia.tv,2012
2013,Philo Media,www.philomedia.tv,2012
2014,Philo Media,www.philomedia.tv,2012
2015,Philo Media,www.philomedia.tv,2012
2016,Philo Media,www.philomedia.tv,2012
2017,Philo Media,www.philomedia.tv,2012
2018,Philo Media,www.philomedia.tv,2012
2019,Philo Media,www.philomedia.tv,2012
2020,Philo Media,www.philomedia.tv,2012
2021,Philo Media,www.philomedia.tv,2012
2022,Philo Media,www.philomedia.tv,2012
2023,Philo Media,www.philomedia.tv,2012
2024,Philo Media,www.philomedia.tv,2012
2003,MicaSense,www.micasense.com,2014
2004,MicaSense,www.micasense.com,2014
2005,MicaSense,www.micasense.com,2014
2006,MicaSense,www.micasense.com,2014
2007,MicaSense,www.micasense.com,2014
2008,MicaSense,www.micasense.com,2014
2009,MicaSense,www.micasense.com,2014
2010,MicaSense,www.micasense.com,2014
2011,MicaSense,www.micasense.com,2014
2012,MicaSense,www.micasense.com,2014
2013,MicaSense,www.micasense.com,2014
2014,MicaSense,www.micasense.com,2014
2015,MicaSense,www.micasense.com,2014
2016,MicaSense,www.micasense.com,2014
2017,MicaSense,www.micasense.com,2014
2018,MicaSense,www.micasense.com,2014
2019,MicaSense,www.micasense.com,2014
2020,MicaSense,www.micasense.com,2014
2021,MicaSense,www.micasense.com,2014
2022,MicaSense,www.micasense.com,2014
2023,MicaSense,www.micasense.com,2014
2024,MicaSense,www.micasense.com,2014
2003,WiNote,www.winote.com,2014
2004,WiNote,www.winote.com,2014
2005,WiNote,www.winote.com,2014
2006,WiNote,www.winote.com,2014
2007,WiNote,www.winote.com,2014
2008,WiNote,www.winote.com,2014
2009,WiNote,www.winote.com,2014
2010,WiNote,www.winote.com,2014
2011,WiNote,www.winote.com,2014
2012,WiNote,www.winote.com,2014
2013,WiNote,www.winote.com,2014
2014,WiNote,www.winote.com,2014
2015,WiNote,www.winote.com,2014
2016,WiNote,www.winote.com,2014
2017,WiNote,www.winote.com,2014
2018,WiNote,www.winote.com,2014
2019,WiNote,www.winote.com,2014
2020,WiNote,www.winote.com,2014
2021,WiNote,www.winote.com,2014
2022,WiNote,www.winote.com,2014
2023,WiNote,www.winote.com,2014
2024,WiNote,www.winote.com,2014
2003,Spinn Coffee,www.spinn.com,2014
2004,Spinn Coffee,www.spinn.com,2014
2005,Spinn Coffee,www.spinn.com,2014
2006,Spinn Coffee,www.spinn.com,2014
2007,Spinn Coffee,www.spinn.com,2014
2008,Spinn Coffee,www.spinn.com,2014
2009,Spinn Coffee,www.spinn.com,2014
2010,Spinn Coffee,www.spinn.com,2014
2011,Spinn Coffee,www.spinn.com,2014
2012,Spinn Coffee,www.spinn.com,2014
2013,Spinn Coffee,www.spinn.com,2014
2014,Spinn Coffee,www.spinn.com,2014
2015,Spinn Coffee,www.spinn.com,2014
2016,Spinn Coffee,www.spinn.com,2014
2017,Spinn Coffee,www.spinn.com,2014
2018,Spinn Coffee,www.spinn.com,2014
2019,Spinn Coffee,www.spinn.com,2014
2020,Spinn Coffee,www.spinn.com,2014
2021,Spinn Coffee,www.spinn.com,2014
2022,Spinn Coffee,www.spinn.com,2014
2023,Spinn Coffee,www.spinn.com,2014
2024,Spinn Coffee,www.spinn.com,2014
2003,Maven,www.mavenclinic.com,2014
2004,Maven,www.mavenclinic.com,2014
2005,Maven,www.mavenclinic.com,2014
2006,Maven,www.mavenclinic.com,2014
2007,Maven,www.mavenclinic.com,2014
2008,Maven,www.mavenclinic.com,2014
2009,Maven,www.mavenclinic.com,2014
2010,Maven,www.mavenclinic.com,2014
2011,Maven,www.mavenclinic.com,2014
2012,Maven,www.mavenclinic.com,2014
2013,Maven,www.mavenclinic.com,2014
2014,Maven,www.mavenclinic.com,2014
2015,Maven,www.mavenclinic.com,2014
2016,Maven,www.mavenclinic.com,2014
2017,Maven,www.mavenclinic.com,2014
2018,Maven,www.mavenclinic.com,2014
2019,Maven,www.mavenclinic.com,2014
2020,Maven,www.mavenclinic.com,2014
2021,Maven,www.mavenclinic.com,2014
2022,Maven,www.mavenclinic.com,2014
2023,Maven,www.mavenclinic.com,2014
2024,Maven,www.mavenclinic.com,2014
2003,The Vintners' Alliance,www.vintnersalliance.com,2009
2004,The Vintners' Alliance,www.vintnersalliance.com,2009
2005,The Vintners' Alliance,www.vintnersalliance.com,2009
2006,The Vintners' Alliance,www.vintnersalliance.com,2009
2007,The Vintners' Alliance,www.vintnersalliance.com,2009
2008,The Vintners' Alliance,www.vintnersalliance.com,2009
2009,The Vintners' Alliance,www.vintnersalliance.com,2009
2010,The Vintners' Alliance,www.vintnersalliance.com,2009
2011,The Vintners' Alliance,www.vintnersalliance.com,2009
2012,The Vintners' Alliance,www.vintnersalliance.com,2009
2013,The Vintners' Alliance,www.vintnersalliance.com,2009
2014,The Vintners' Alliance,www.vintnersalliance.com,2009
2015,The Vintners' Alliance,www.vintnersalliance.com,2009
2016,The Vintners' Alliance,www.vintnersalliance.com,2009
2017,The Vintners' Alliance,www.vintnersalliance.com,2009
2018,The Vintners' Alliance,www.vintnersalliance.com,2009
2019,The Vintners' Alliance,www.vintnersalliance.com,2009
2020,The Vintners' Alliance,www.vintnersalliance.com,2009
2021,The Vintners' Alliance,www.vintnersalliance.com,2009
2022,The Vintners' Alliance,www.vintnersalliance.com,2009
2023,The Vintners' Alliance,www.vintnersalliance.com,2009
2024,The Vintners' Alliance,www.vintnersalliance.com,2009
2003,ApTask,www.aptask.com,2010
2004,ApTask,www.aptask.com,2010
2005,ApTask,www.aptask.com,2010
2006,ApTask,www.aptask.com,2010
2007,ApTask,www.aptask.com,2010
2008,ApTask,www.aptask.com,2010
2009,ApTask,www.aptask.com,2010
2010,ApTask,www.aptask.com,2010
2011,ApTask,www.aptask.com,2010
2012,ApTask,www.aptask.com,2010
2013,ApTask,www.aptask.com,2010
2014,ApTask,www.aptask.com,2010
2015,ApTask,www.aptask.com,2010
2016,ApTask,www.aptask.com,2010
2017,ApTask,www.aptask.com,2010
2018,ApTask,www.aptask.com,2010
2019,ApTask,www.aptask.com,2010
2020,ApTask,www.aptask.com,2010
2021,ApTask,www.aptask.com,2010
2022,ApTask,www.aptask.com,2010
2023,ApTask,www.aptask.com,2010
2024,ApTask,www.aptask.com,2010
2003,Swift Fuels,www.swiftfuels.com,2012
2004,Swift Fuels,www.swiftfuels.com,2012
2005,Swift Fuels,www.swiftfuels.com,2012
2006,Swift Fuels,www.swiftfuels.com,2012
2007,Swift Fuels,www.swiftfuels.com,2012
2008,Swift Fuels,www.swiftfuels.com,2012
2009,Swift Fuels,www.swiftfuels.com,2012
2010,Swift Fuels,www.swiftfuels.com,2012
2011,Swift Fuels,www.swiftfuels.com,2012
2012,Swift Fuels,www.swiftfuels.com,2012
2013,Swift Fuels,www.swiftfuels.com,2012
2014,Swift Fuels,www.swiftfuels.com,2012
2015,Swift Fuels,www.swiftfuels.com,2012
2016,Swift Fuels,www.swiftfuels.com,2012
2017,Swift Fuels,www.swiftfuels.com,2012
2018,Swift Fuels,www.swiftfuels.com,2012
2019,Swift Fuels,www.swiftfuels.com,2012
2020,Swift Fuels,www.swiftfuels.com,2012
2021,Swift Fuels,www.swiftfuels.com,2012
2022,Swift Fuels,www.swiftfuels.com,2012
2023,Swift Fuels,www.swiftfuels.com,2012
2024,Swift Fuels,www.swiftfuels.com,2012
2003,Pegasus Solar,www.pegasussolar.com,2012
2004,Pegasus Solar,www.pegasussolar.com,2012
2005,Pegasus Solar,www.pegasussolar.com,2012
2006,Pegasus Solar,www.pegasussolar.com,2012
2007,Pegasus Solar,www.pegasussolar.com,2012
2008,Pegasus Solar,www.pegasussolar.com,2012
2009,Pegasus Solar,www.pegasussolar.com,2012
2010,Pegasus Solar,www.pegasussolar.com,2012
2011,Pegasus Solar,www.pegasussolar.com,2012
2012,Pegasus Solar,www.pegasussolar.com,2012
2013,Pegasus Solar,www.pegasussolar.com,2012
2014,Pegasus Solar,www.pegasussolar.com,2012
2015,Pegasus Solar,www.pegasussolar.com,2012
2016,Pegasus Solar,www.pegasussolar.com,2012
2017,Pegasus Solar,www.pegasussolar.com,2012
2018,Pegasus Solar,www.pegasussolar.com,2012
2019,Pegasus Solar,www.pegasussolar.com,2012
2020,Pegasus Solar,www.pegasussolar.com,2012
2021,Pegasus Solar,www.pegasussolar.com,2012
2022,Pegasus Solar,www.pegasussolar.com,2012
2023,Pegasus Solar,www.pegasussolar.com,2012
2024,Pegasus Solar,www.pegasussolar.com,2012
2003,Global Medical Isotope Systems,www.gmisotope.com,2013
2004,Global Medical Isotope Systems,www.gmisotope.com,2013
2005,Global Medical Isotope Systems,www.gmisotope.com,2013
2006,Global Medical Isotope Systems,www.gmisotope.com,2013
2007,Global Medical Isotope Systems,www.gmisotope.com,2013
2008,Global Medical Isotope Systems,www.gmisotope.com,2013
2009,Global Medical Isotope Systems,www.gmisotope.com,2013
2010,Global Medical Isotope Systems,www.gmisotope.com,2013
2011,Global Medical Isotope Systems,www.gmisotope.com,2013
2012,Global Medical Isotope Systems,www.gmisotope.com,2013
2013,Global Medical Isotope Systems,www.gmisotope.com,2013
2014,Global Medical Isotope Systems,www.gmisotope.com,2013
2015,Global Medical Isotope Systems,www.gmisotope.com,2013
2016,Global Medical Isotope Systems,www.gmisotope.com,2013
2017,Global Medical Isotope Systems,www.gmisotope.com,2013
2018,Global Medical Isotope Systems,www.gmisotope.com,2013
2019,Global Medical Isotope Systems,www.gmisotope.com,2013
2020,Global Medical Isotope Systems,www.gmisotope.com,2013
2021,Global Medical Isotope Systems,www.gmisotope.com,2013
2022,Global Medical Isotope Systems,www.gmisotope.com,2013
2023,Global Medical Isotope Systems,www.gmisotope.com,2013
2024,Global Medical Isotope Systems,www.gmisotope.com,2013
2003,The Knuttel Gallery,www.knuttel.com,2013
2004,The Knuttel Gallery,www.knuttel.com,2013
2005,The Knuttel Gallery,www.knuttel.com,2013
2006,The Knuttel Gallery,www.knuttel.com,2013
2007,The Knuttel Gallery,www.knuttel.com,2013
2008,The Knuttel Gallery,www.knuttel.com,2013
2009,The Knuttel Gallery,www.knuttel.com,2013
2010,The Knuttel Gallery,www.knuttel.com,2013
2011,The Knuttel Gallery,www.knuttel.com,2013
2012,The Knuttel Gallery,www.knuttel.com,2013
2013,The Knuttel Gallery,www.knuttel.com,2013
2014,The Knuttel Gallery,www.knuttel.com,2013
2015,The Knuttel Gallery,www.knuttel.com,2013
2016,The Knuttel Gallery,www.knuttel.com,2013
2017,The Knuttel Gallery,www.knuttel.com,2013
2018,The Knuttel Gallery,www.knuttel.com,2013
2019,The Knuttel Gallery,www.knuttel.com,2013
2020,The Knuttel Gallery,www.knuttel.com,2013
2021,The Knuttel Gallery,www.knuttel.com,2013
2022,The Knuttel Gallery,www.knuttel.com,2013
2023,The Knuttel Gallery,www.knuttel.com,2013
2024,The Knuttel Gallery,www.knuttel.com,2013
2003,appLOUD,www.apploud.co,2014
2004,appLOUD,www.apploud.co,2014
2005,appLOUD,www.apploud.co,2014
2006,appLOUD,www.apploud.co,2014
2007,appLOUD,www.apploud.co,2014
2008,appLOUD,www.apploud.co,2014
2009,appLOUD,www.apploud.co,2014
2010,appLOUD,www.apploud.co,2014
2011,appLOUD,www.apploud.co,2014
2012,appLOUD,www.apploud.co,2014
2013,appLOUD,www.apploud.co,2014
2014,appLOUD,www.apploud.co,2014
2015,appLOUD,www.apploud.co,2014
2016,appLOUD,www.apploud.co,2014
2017,appLOUD,www.apploud.co,2014
2018,appLOUD,www.apploud.co,2014
2019,appLOUD,www.apploud.co,2014
2020,appLOUD,www.apploud.co,2014
2021,appLOUD,www.apploud.co,2014
2022,appLOUD,www.apploud.co,2014
2023,appLOUD,www.apploud.co,2014
2024,appLOUD,www.apploud.co,2014
2003,ShareWhere,www.sharewhere.com,2011
2004,ShareWhere,www.sharewhere.com,2011
2005,ShareWhere,www.sharewhere.com,2011
2006,ShareWhere,www.sharewhere.com,2011
2007,ShareWhere,www.sharewhere.com,2011
2008,ShareWhere,www.sharewhere.com,2011
2009,ShareWhere,www.sharewhere.com,2011
2010,ShareWhere,www.sharewhere.com,2011
2011,ShareWhere,www.sharewhere.com,2011
2012,ShareWhere,www.sharewhere.com,2011
2013,ShareWhere,www.sharewhere.com,2011
2014,ShareWhere,www.sharewhere.com,2011
2015,ShareWhere,www.sharewhere.com,2011
2016,ShareWhere,www.sharewhere.com,2011
2017,ShareWhere,www.sharewhere.com,2011
2018,ShareWhere,www.sharewhere.com,2011
2019,ShareWhere,www.sharewhere.com,2011
2020,ShareWhere,www.sharewhere.com,2011
2021,ShareWhere,www.sharewhere.com,2011
2022,ShareWhere,www.sharewhere.com,2011
2023,ShareWhere,www.sharewhere.com,2011
2024,ShareWhere,www.sharewhere.com,2011
2003,El Loco,www.elloco.com,2014
2004,El Loco,www.elloco.com,2014
2005,El Loco,www.elloco.com,2014
2006,El Loco,www.elloco.com,2014
2007,El Loco,www.elloco.com,2014
2008,El Loco,www.elloco.com,2014
2009,El Loco,www.elloco.com,2014
2010,El Loco,www.elloco.com,2014
2011,El Loco,www.elloco.com,2014
2012,El Loco,www.elloco.com,2014
2013,El Loco,www.elloco.com,2014
2014,El Loco,www.elloco.com,2014
2015,El Loco,www.elloco.com,2014
2016,El Loco,www.elloco.com,2014
2017,El Loco,www.elloco.com,2014
2018,El Loco,www.elloco.com,2014
2019,El Loco,www.elloco.com,2014
2020,El Loco,www.elloco.com,2014
2021,El Loco,www.elloco.com,2014
2022,El Loco,www.elloco.com,2014
2023,El Loco,www.elloco.com,2014
2024,El Loco,www.elloco.com,2014
2003,ClientSuccess,www.clientsuccess.com,2014
2004,ClientSuccess,www.clientsuccess.com,2014
2005,ClientSuccess,www.clientsuccess.com,2014
2006,ClientSuccess,www.clientsuccess.com,2014
2007,ClientSuccess,www.clientsuccess.com,2014
2008,ClientSuccess,www.clientsuccess.com,2014
2009,ClientSuccess,www.clientsuccess.com,2014
2010,ClientSuccess,www.clientsuccess.com,2014
2011,ClientSuccess,www.clientsuccess.com,2014
2012,ClientSuccess,www.clientsuccess.com,2014
2013,ClientSuccess,www.clientsuccess.com,2014
2014,ClientSuccess,www.clientsuccess.com,2014
2015,ClientSuccess,www.clientsuccess.com,2014
2016,ClientSuccess,www.clientsuccess.com,2014
2017,ClientSuccess,www.clientsuccess.com,2014
2018,ClientSuccess,www.clientsuccess.com,2014
2019,ClientSuccess,www.clientsuccess.com,2014
2020,ClientSuccess,www.clientsuccess.com,2014
2021,ClientSuccess,www.clientsuccess.com,2014
2022,ClientSuccess,www.clientsuccess.com,2014
2023,ClientSuccess,www.clientsuccess.com,2014
2024,ClientSuccess,www.clientsuccess.com,2014
2003,Dabble,www.dabble.co,2011
2004,Dabble,www.dabble.co,2011
2005,Dabble,www.dabble.co,2011
2006,Dabble,www.dabble.co,2011
2007,Dabble,www.dabble.co,2011
2008,Dabble,www.dabble.co,2011
2009,Dabble,www.dabble.co,2011
2010,Dabble,www.dabble.co,2011
2011,Dabble,www.dabble.co,2011
2012,Dabble,www.dabble.co,2011
2013,Dabble,www.dabble.co,2011
2014,Dabble,www.dabble.co,2011
2015,Dabble,www.dabble.co,2011
2016,Dabble,www.dabble.co,2011
2017,Dabble,www.dabble.co,2011
2018,Dabble,www.dabble.co,2011
2019,Dabble,www.dabble.co,2011
2020,Dabble,www.dabble.co,2011
2021,Dabble,www.dabble.co,2011
2022,Dabble,www.dabble.co,2011
2023,Dabble,www.dabble.co,2011
2024,Dabble,www.dabble.co,2011
2003,Recurrence,www.recurrenceinc.com,2013
2004,Recurrence,www.recurrenceinc.com,2013
2005,Recurrence,www.recurrenceinc.com,2013
2006,Recurrence,www.recurrenceinc.com,2013
2007,Recurrence,www.recurrenceinc.com,2013
2008,Recurrence,www.recurrenceinc.com,2013
2009,Recurrence,www.recurrenceinc.com,2013
2010,Recurrence,www.recurrenceinc.com,2013
2011,Recurrence,www.recurrenceinc.com,2013
2012,Recurrence,www.recurrenceinc.com,2013
2013,Recurrence,www.recurrenceinc.com,2013
2014,Recurrence,www.recurrenceinc.com,2013
2015,Recurrence,www.recurrenceinc.com,2013
2016,Recurrence,www.recurrenceinc.com,2013
2017,Recurrence,www.recurrenceinc.com,2013
2018,Recurrence,www.recurrenceinc.com,2013
2019,Recurrence,www.recurrenceinc.com,2013
2020,Recurrence,www.recurrenceinc.com,2013
2021,Recurrence,www.recurrenceinc.com,2013
2022,Recurrence,www.recurrenceinc.com,2013
2023,Recurrence,www.recurrenceinc.com,2013
2024,Recurrence,www.recurrenceinc.com,2013
2003,Papa's Pilar,www.papaspilar.com,2012
2004,Papa's Pilar,www.papaspilar.com,2012
2005,Papa's Pilar,www.papaspilar.com,2012
2006,Papa's Pilar,www.papaspilar.com,2012
2007,Papa's Pilar,www.papaspilar.com,2012
2008,Papa's Pilar,www.papaspilar.com,2012
2009,Papa's Pilar,www.papaspilar.com,2012
2010,Papa's Pilar,www.papaspilar.com,2012
2011,Papa's Pilar,www.papaspilar.com,2012
2012,Papa's Pilar,www.papaspilar.com,2012
2013,Papa's Pilar,www.papaspilar.com,2012
2014,Papa's Pilar,www.papaspilar.com,2012
2015,Papa's Pilar,www.papaspilar.com,2012
2016,Papa's Pilar,www.papaspilar.com,2012
2017,Papa's Pilar,www.papaspilar.com,2012
2018,Papa's Pilar,www.papaspilar.com,2012
2019,Papa's Pilar,www.papaspilar.com,2012
2020,Papa's Pilar,www.papaspilar.com,2012
2021,Papa's Pilar,www.papaspilar.com,2012
2022,Papa's Pilar,www.papaspilar.com,2012
2023,Papa's Pilar,www.papaspilar.com,2012
2024,Papa's Pilar,www.papaspilar.com,2012
2003,Connora Technologies,www.connoratech.com,2011
2004,Connora Technologies,www.connoratech.com,2011
2005,Connora Technologies,www.connoratech.com,2011
2006,Connora Technologies,www.connoratech.com,2011
2007,Connora Technologies,www.connoratech.com,2011
2008,Connora Technologies,www.connoratech.com,2011
2009,Connora Technologies,www.connoratech.com,2011
2010,Connora Technologies,www.connoratech.com,2011
2011,Connora Technologies,www.connoratech.com,2011
2012,Connora Technologies,www.connoratech.com,2011
2013,Connora Technologies,www.connoratech.com,2011
2014,Connora Technologies,www.connoratech.com,2011
2015,Connora Technologies,www.connoratech.com,2011
2016,Connora Technologies,www.connoratech.com,2011
2017,Connora Technologies,www.connoratech.com,2011
2018,Connora Technologies,www.connoratech.com,2011
2019,Connora Technologies,www.connoratech.com,2011
2020,Connora Technologies,www.connoratech.com,2011
2021,Connora Technologies,www.connoratech.com,2011
2022,Connora Technologies,www.connoratech.com,2011
2023,Connora Technologies,www.connoratech.com,2011
2024,Connora Technologies,www.connoratech.com,2011
2003,Wonder (Artificial Intelligence & Machine Learning),www.askwonder.com,2012
2004,Wonder (Artificial Intelligence & Machine Learning),www.askwonder.com,2012
2005,Wonder (Artificial Intelligence & Machine Learning),www.askwonder.com,2012
2006,Wonder (Artificial Intelligence & Machine Learning),www.askwonder.com,2012
2007,Wonder (Artificial Intelligence & Machine Learning),www.askwonder.com,2012
2008,Wonder (Artificial Intelligence & Machine Learning),www.askwonder.com,2012
2009,Wonder (Artificial Intelligence & Machine Learning),www.askwonder.com,2012
2010,Wonder (Artificial Intelligence & Machine Learning),www.askwonder.com,2012
2011,Wonder (Artificial Intelligence & Machine Learning),www.askwonder.com,2012
2012,Wonder (Artificial Intelligence & Machine Learning),www.askwonder.com,2012
2013,Wonder (Artificial Intelligence & Machine Learning),www.askwonder.com,2012
2014,Wonder (Artificial Intelligence & Machine Learning),www.askwonder.com,2012
2015,Wonder (Artificial Intelligence & Machine Learning),www.askwonder.com,2012
2016,Wonder (Artificial Intelligence & Machine Learning),www.askwonder.com,2012
2017,Wonder (Artificial Intelligence & Machine Learning),www.askwonder.com,2012
2018,Wonder (Artificial Intelligence & Machine Learning),www.askwonder.com,2012
2019,Wonder (Artificial Intelligence & Machine Learning),www.askwonder.com,2012
2020,Wonder (Artificial Intelligence & Machine Learning),www.askwonder.com,2012
2021,Wonder (Artificial Intelligence & Machine Learning),www.askwonder.com,2012
2022,Wonder (Artificial Intelligence & Machine Learning),www.askwonder.com,2012
2023,Wonder (Artificial Intelligence & Machine Learning),www.askwonder.com,2012
2024,Wonder (Artificial Intelligence & Machine Learning),www.askwonder.com,2012
2003,Kinglet,www.gokinglet.com,2013
2004,Kinglet,www.gokinglet.com,2013
2005,Kinglet,www.gokinglet.com,2013
2006,Kinglet,www.gokinglet.com,2013
2007,Kinglet,www.gokinglet.com,2013
2008,Kinglet,www.gokinglet.com,2013
2009,Kinglet,www.gokinglet.com,2013
2010,Kinglet,www.gokinglet.com,2013
2011,Kinglet,www.gokinglet.com,2013
2012,Kinglet,www.gokinglet.com,2013
2013,Kinglet,www.gokinglet.com,2013
2014,Kinglet,www.gokinglet.com,2013
2015,Kinglet,www.gokinglet.com,2013
2016,Kinglet,www.gokinglet.com,2013
2017,Kinglet,www.gokinglet.com,2013
2018,Kinglet,www.gokinglet.com,2013
2019,Kinglet,www.gokinglet.com,2013
2020,Kinglet,www.gokinglet.com,2013
2021,Kinglet,www.gokinglet.com,2013
2022,Kinglet,www.gokinglet.com,2013
2023,Kinglet,www.gokinglet.com,2013
2024,Kinglet,www.gokinglet.com,2013
2003,DigiByte,www.digibyte.org,2013
2004,DigiByte,www.digibyte.org,2013
2005,DigiByte,www.digibyte.org,2013
2006,DigiByte,www.digibyte.org,2013
2007,DigiByte,www.digibyte.org,2013
2008,DigiByte,www.digibyte.org,2013
2009,DigiByte,www.digibyte.org,2013
2010,DigiByte,www.digibyte.org,2013
2011,DigiByte,www.digibyte.org,2013
2012,DigiByte,www.digibyte.org,2013
2013,DigiByte,www.digibyte.org,2013
2014,DigiByte,www.digibyte.org,2013
2015,DigiByte,www.digibyte.org,2013
2016,DigiByte,www.digibyte.org,2013
2017,DigiByte,www.digibyte.org,2013
2018,DigiByte,www.digibyte.org,2013
2019,DigiByte,www.digibyte.org,2013
2020,DigiByte,www.digibyte.org,2013
2021,DigiByte,www.digibyte.org,2013
2022,DigiByte,www.digibyte.org,2013
2023,DigiByte,www.digibyte.org,2013
2024,DigiByte,www.digibyte.org,2013
2003,Sedona Systems,www.sedonasys.com,2014
2004,Sedona Systems,www.sedonasys.com,2014
2005,Sedona Systems,www.sedonasys.com,2014
2006,Sedona Systems,www.sedonasys.com,2014
2007,Sedona Systems,www.sedonasys.com,2014
2008,Sedona Systems,www.sedonasys.com,2014
2009,Sedona Systems,www.sedonasys.com,2014
2010,Sedona Systems,www.sedonasys.com,2014
2011,Sedona Systems,www.sedonasys.com,2014
2012,Sedona Systems,www.sedonasys.com,2014
2013,Sedona Systems,www.sedonasys.com,2014
2014,Sedona Systems,www.sedonasys.com,2014
2015,Sedona Systems,www.sedonasys.com,2014
2016,Sedona Systems,www.sedonasys.com,2014
2017,Sedona Systems,www.sedonasys.com,2014
2018,Sedona Systems,www.sedonasys.com,2014
2019,Sedona Systems,www.sedonasys.com,2014
2020,Sedona Systems,www.sedonasys.com,2014
2021,Sedona Systems,www.sedonasys.com,2014
2022,Sedona Systems,www.sedonasys.com,2014
2023,Sedona Systems,www.sedonasys.com,2014
2024,Sedona Systems,www.sedonasys.com,2014
2003,MicroZap,www.microzap.net,2008
2004,MicroZap,www.microzap.net,2008
2005,MicroZap,www.microzap.net,2008
2006,MicroZap,www.microzap.net,2008
2007,MicroZap,www.microzap.net,2008
2008,MicroZap,www.microzap.net,2008
2009,MicroZap,www.microzap.net,2008
2010,MicroZap,www.microzap.net,2008
2011,MicroZap,www.microzap.net,2008
2012,MicroZap,www.microzap.net,2008
2013,MicroZap,www.microzap.net,2008
2014,MicroZap,www.microzap.net,2008
2015,MicroZap,www.microzap.net,2008
2016,MicroZap,www.microzap.net,2008
2017,MicroZap,www.microzap.net,2008
2018,MicroZap,www.microzap.net,2008
2019,MicroZap,www.microzap.net,2008
2020,MicroZap,www.microzap.net,2008
2021,MicroZap,www.microzap.net,2008
2022,MicroZap,www.microzap.net,2008
2023,MicroZap,www.microzap.net,2008
2024,MicroZap,www.microzap.net,2008
2003,SeprOx,www.seprox.com,2008
2004,SeprOx,www.seprox.com,2008
2005,SeprOx,www.seprox.com,2008
2006,SeprOx,www.seprox.com,2008
2007,SeprOx,www.seprox.com,2008
2008,SeprOx,www.seprox.com,2008
2009,SeprOx,www.seprox.com,2008
2010,SeprOx,www.seprox.com,2008
2011,SeprOx,www.seprox.com,2008
2012,SeprOx,www.seprox.com,2008
2013,SeprOx,www.seprox.com,2008
2014,SeprOx,www.seprox.com,2008
2015,SeprOx,www.seprox.com,2008
2016,SeprOx,www.seprox.com,2008
2017,SeprOx,www.seprox.com,2008
2018,SeprOx,www.seprox.com,2008
2019,SeprOx,www.seprox.com,2008
2020,SeprOx,www.seprox.com,2008
2021,SeprOx,www.seprox.com,2008
2022,SeprOx,www.seprox.com,2008
2023,SeprOx,www.seprox.com,2008
2024,SeprOx,www.seprox.com,2008
2003,Toggle (Electronics (B2C)),www.toggletv.com,2014
2004,Toggle (Electronics (B2C)),www.toggletv.com,2014
2005,Toggle (Electronics (B2C)),www.toggletv.com,2014
2006,Toggle (Electronics (B2C)),www.toggletv.com,2014
2007,Toggle (Electronics (B2C)),www.toggletv.com,2014
2008,Toggle (Electronics (B2C)),www.toggletv.com,2014
2009,Toggle (Electronics (B2C)),www.toggletv.com,2014
2010,Toggle (Electronics (B2C)),www.toggletv.com,2014
2011,Toggle (Electronics (B2C)),www.toggletv.com,2014
2012,Toggle (Electronics (B2C)),www.toggletv.com,2014
2013,Toggle (Electronics (B2C)),www.toggletv.com,2014
2014,Toggle (Electronics (B2C)),www.toggletv.com,2014
2015,Toggle (Electronics (B2C)),www.toggletv.com,2014
2016,Toggle (Electronics (B2C)),www.toggletv.com,2014
2017,Toggle (Electronics (B2C)),www.toggletv.com,2014
2018,Toggle (Electronics (B2C)),www.toggletv.com,2014
2019,Toggle (Electronics (B2C)),www.toggletv.com,2014
2020,Toggle (Electronics (B2C)),www.toggletv.com,2014
2021,Toggle (Electronics (B2C)),www.toggletv.com,2014
2022,Toggle (Electronics (B2C)),www.toggletv.com,2014
2023,Toggle (Electronics (B2C)),www.toggletv.com,2014
2024,Toggle (Electronics (B2C)),www.toggletv.com,2014
2003,Navigine,www.navigine.com,2011
2004,Navigine,www.navigine.com,2011
2005,Navigine,www.navigine.com,2011
2006,Navigine,www.navigine.com,2011
2007,Navigine,www.navigine.com,2011
2008,Navigine,www.navigine.com,2011
2009,Navigine,www.navigine.com,2011
2010,Navigine,www.navigine.com,2011
2011,Navigine,www.navigine.com,2011
2012,Navigine,www.navigine.com,2011
2013,Navigine,www.navigine.com,2011
2014,Navigine,www.navigine.com,2011
2015,Navigine,www.navigine.com,2011
2016,Navigine,www.navigine.com,2011
2017,Navigine,www.navigine.com,2011
2018,Navigine,www.navigine.com,2011
2019,Navigine,www.navigine.com,2011
2020,Navigine,www.navigine.com,2011
2021,Navigine,www.navigine.com,2011
2022,Navigine,www.navigine.com,2011
2023,Navigine,www.navigine.com,2011
2024,Navigine,www.navigine.com,2011
2003,Photon8,www.photon8.com,2008
2004,Photon8,www.photon8.com,2008
2005,Photon8,www.photon8.com,2008
2006,Photon8,www.photon8.com,2008
2007,Photon8,www.photon8.com,2008
2008,Photon8,www.photon8.com,2008
2009,Photon8,www.photon8.com,2008
2010,Photon8,www.photon8.com,2008
2011,Photon8,www.photon8.com,2008
2012,Photon8,www.photon8.com,2008
2013,Photon8,www.photon8.com,2008
2014,Photon8,www.photon8.com,2008
2015,Photon8,www.photon8.com,2008
2016,Photon8,www.photon8.com,2008
2017,Photon8,www.photon8.com,2008
2018,Photon8,www.photon8.com,2008
2019,Photon8,www.photon8.com,2008
2020,Photon8,www.photon8.com,2008
2021,Photon8,www.photon8.com,2008
2022,Photon8,www.photon8.com,2008
2023,Photon8,www.photon8.com,2008
2024,Photon8,www.photon8.com,2008
2003,1st Detect,www.1stdetect.com,2008
2004,1st Detect,www.1stdetect.com,2008
2005,1st Detect,www.1stdetect.com,2008
2006,1st Detect,www.1stdetect.com,2008
2007,1st Detect,www.1stdetect.com,2008
2008,1st Detect,www.1stdetect.com,2008
2009,1st Detect,www.1stdetect.com,2008
2010,1st Detect,www.1stdetect.com,2008
2011,1st Detect,www.1stdetect.com,2008
2012,1st Detect,www.1stdetect.com,2008
2013,1st Detect,www.1stdetect.com,2008
2014,1st Detect,www.1stdetect.com,2008
2015,1st Detect,www.1stdetect.com,2008
2016,1st Detect,www.1stdetect.com,2008
2017,1st Detect,www.1stdetect.com,2008
2018,1st Detect,www.1stdetect.com,2008
2019,1st Detect,www.1stdetect.com,2008
2020,1st Detect,www.1stdetect.com,2008
2021,1st Detect,www.1stdetect.com,2008
2022,1st Detect,www.1stdetect.com,2008
2023,1st Detect,www.1stdetect.com,2008
2024,1st Detect,www.1stdetect.com,2008
2003,Cirasys,www.cirasys.com,2009
2004,Cirasys,www.cirasys.com,2009
2005,Cirasys,www.cirasys.com,2009
2006,Cirasys,www.cirasys.com,2009
2007,Cirasys,www.cirasys.com,2009
2008,Cirasys,www.cirasys.com,2009
2009,Cirasys,www.cirasys.com,2009
2010,Cirasys,www.cirasys.com,2009
2011,Cirasys,www.cirasys.com,2009
2012,Cirasys,www.cirasys.com,2009
2013,Cirasys,www.cirasys.com,2009
2014,Cirasys,www.cirasys.com,2009
2015,Cirasys,www.cirasys.com,2009
2016,Cirasys,www.cirasys.com,2009
2017,Cirasys,www.cirasys.com,2009
2018,Cirasys,www.cirasys.com,2009
2019,Cirasys,www.cirasys.com,2009
2020,Cirasys,www.cirasys.com,2009
2021,Cirasys,www.cirasys.com,2009
2022,Cirasys,www.cirasys.com,2009
2023,Cirasys,www.cirasys.com,2009
2024,Cirasys,www.cirasys.com,2009
2003,Geranium,www.geraniumjewelry.com,2010
2004,Geranium,www.geraniumjewelry.com,2010
2005,Geranium,www.geraniumjewelry.com,2010
2006,Geranium,www.geraniumjewelry.com,2010
2007,Geranium,www.geraniumjewelry.com,2010
2008,Geranium,www.geraniumjewelry.com,2010
2009,Geranium,www.geraniumjewelry.com,2010
2010,Geranium,www.geraniumjewelry.com,2010
2011,Geranium,www.geraniumjewelry.com,2010
2012,Geranium,www.geraniumjewelry.com,2010
2013,Geranium,www.geraniumjewelry.com,2010
2014,Geranium,www.geraniumjewelry.com,2010
2015,Geranium,www.geraniumjewelry.com,2010
2016,Geranium,www.geraniumjewelry.com,2010
2017,Geranium,www.geraniumjewelry.com,2010
2018,Geranium,www.geraniumjewelry.com,2010
2019,Geranium,www.geraniumjewelry.com,2010
2020,Geranium,www.geraniumjewelry.com,2010
2021,Geranium,www.geraniumjewelry.com,2010
2022,Geranium,www.geraniumjewelry.com,2010
2023,Geranium,www.geraniumjewelry.com,2010
2024,Geranium,www.geraniumjewelry.com,2010
2003,Icebrg,www.icebrg.io,2014
2004,Icebrg,www.icebrg.io,2014
2005,Icebrg,www.icebrg.io,2014
2006,Icebrg,www.icebrg.io,2014
2007,Icebrg,www.icebrg.io,2014
2008,Icebrg,www.icebrg.io,2014
2009,Icebrg,www.icebrg.io,2014
2010,Icebrg,www.icebrg.io,2014
2011,Icebrg,www.icebrg.io,2014
2012,Icebrg,www.icebrg.io,2014
2013,Icebrg,www.icebrg.io,2014
2014,Icebrg,www.icebrg.io,2014
2015,Icebrg,www.icebrg.io,2014
2016,Icebrg,www.icebrg.io,2014
2017,Icebrg,www.icebrg.io,2014
2018,Icebrg,www.icebrg.io,2014
2019,Icebrg,www.icebrg.io,2014
2020,Icebrg,www.icebrg.io,2014
2021,Icebrg,www.icebrg.io,2014
2022,Icebrg,www.icebrg.io,2014
2023,Icebrg,www.icebrg.io,2014
2024,Icebrg,www.icebrg.io,2014
2003,Qolsys,www.qolsys.com,2010
2004,Qolsys,www.qolsys.com,2010
2005,Qolsys,www.qolsys.com,2010
2006,Qolsys,www.qolsys.com,2010
2007,Qolsys,www.qolsys.com,2010
2008,Qolsys,www.qolsys.com,2010
2009,Qolsys,www.qolsys.com,2010
2010,Qolsys,www.qolsys.com,2010
2011,Qolsys,www.qolsys.com,2010
2012,Qolsys,www.qolsys.com,2010
2013,Qolsys,www.qolsys.com,2010
2014,Qolsys,www.qolsys.com,2010
2015,Qolsys,www.qolsys.com,2010
2016,Qolsys,www.qolsys.com,2010
2017,Qolsys,www.qolsys.com,2010
2018,Qolsys,www.qolsys.com,2010
2019,Qolsys,www.qolsys.com,2010
2020,Qolsys,www.qolsys.com,2010
2021,Qolsys,www.qolsys.com,2010
2022,Qolsys,www.qolsys.com,2010
2023,Qolsys,www.qolsys.com,2010
2024,Qolsys,www.qolsys.com,2010
2003,Bluvue,www.bluvue.com,2012
2004,Bluvue,www.bluvue.com,2012
2005,Bluvue,www.bluvue.com,2012
2006,Bluvue,www.bluvue.com,2012
2007,Bluvue,www.bluvue.com,2012
2008,Bluvue,www.bluvue.com,2012
2009,Bluvue,www.bluvue.com,2012
2010,Bluvue,www.bluvue.com,2012
2011,Bluvue,www.bluvue.com,2012
2012,Bluvue,www.bluvue.com,2012
2013,Bluvue,www.bluvue.com,2012
2014,Bluvue,www.bluvue.com,2012
2015,Bluvue,www.bluvue.com,2012
2016,Bluvue,www.bluvue.com,2012
2017,Bluvue,www.bluvue.com,2012
2018,Bluvue,www.bluvue.com,2012
2019,Bluvue,www.bluvue.com,2012
2020,Bluvue,www.bluvue.com,2012
2021,Bluvue,www.bluvue.com,2012
2022,Bluvue,www.bluvue.com,2012
2023,Bluvue,www.bluvue.com,2012
2024,Bluvue,www.bluvue.com,2012
2003,Thumzap,www.thumzap.com,2013
2004,Thumzap,www.thumzap.com,2013
2005,Thumzap,www.thumzap.com,2013
2006,Thumzap,www.thumzap.com,2013
2007,Thumzap,www.thumzap.com,2013
2008,Thumzap,www.thumzap.com,2013
2009,Thumzap,www.thumzap.com,2013
2010,Thumzap,www.thumzap.com,2013
2011,Thumzap,www.thumzap.com,2013
2012,Thumzap,www.thumzap.com,2013
2013,Thumzap,www.thumzap.com,2013
2014,Thumzap,www.thumzap.com,2013
2015,Thumzap,www.thumzap.com,2013
2016,Thumzap,www.thumzap.com,2013
2017,Thumzap,www.thumzap.com,2013
2018,Thumzap,www.thumzap.com,2013
2019,Thumzap,www.thumzap.com,2013
2020,Thumzap,www.thumzap.com,2013
2021,Thumzap,www.thumzap.com,2013
2022,Thumzap,www.thumzap.com,2013
2023,Thumzap,www.thumzap.com,2013
2024,Thumzap,www.thumzap.com,2013
2003,NarrativeWave,www.narrativewave.com,2014
2004,NarrativeWave,www.narrativewave.com,2014
2005,NarrativeWave,www.narrativewave.com,2014
2006,NarrativeWave,www.narrativewave.com,2014
2007,NarrativeWave,www.narrativewave.com,2014
2008,NarrativeWave,www.narrativewave.com,2014
2009,NarrativeWave,www.narrativewave.com,2014
2010,NarrativeWave,www.narrativewave.com,2014
2011,NarrativeWave,www.narrativewave.com,2014
2012,NarrativeWave,www.narrativewave.com,2014
2013,NarrativeWave,www.narrativewave.com,2014
2014,NarrativeWave,www.narrativewave.com,2014
2015,NarrativeWave,www.narrativewave.com,2014
2016,NarrativeWave,www.narrativewave.com,2014
2017,NarrativeWave,www.narrativewave.com,2014
2018,NarrativeWave,www.narrativewave.com,2014
2019,NarrativeWave,www.narrativewave.com,2014
2020,NarrativeWave,www.narrativewave.com,2014
2021,NarrativeWave,www.narrativewave.com,2014
2022,NarrativeWave,www.narrativewave.com,2014
2023,NarrativeWave,www.narrativewave.com,2014
2024,NarrativeWave,www.narrativewave.com,2014
2003,Dressnotes,www.dressnotes.com,2012
2004,Dressnotes,www.dressnotes.com,2012
2005,Dressnotes,www.dressnotes.com,2012
2006,Dressnotes,www.dressnotes.com,2012
2007,Dressnotes,www.dressnotes.com,2012
2008,Dressnotes,www.dressnotes.com,2012
2009,Dressnotes,www.dressnotes.com,2012
2010,Dressnotes,www.dressnotes.com,2012
2011,Dressnotes,www.dressnotes.com,2012
2012,Dressnotes,www.dressnotes.com,2012
2013,Dressnotes,www.dressnotes.com,2012
2014,Dressnotes,www.dressnotes.com,2012
2015,Dressnotes,www.dressnotes.com,2012
2016,Dressnotes,www.dressnotes.com,2012
2017,Dressnotes,www.dressnotes.com,2012
2018,Dressnotes,www.dressnotes.com,2012
2019,Dressnotes,www.dressnotes.com,2012
2020,Dressnotes,www.dressnotes.com,2012
2021,Dressnotes,www.dressnotes.com,2012
2022,Dressnotes,www.dressnotes.com,2012
2023,Dressnotes,www.dressnotes.com,2012
2024,Dressnotes,www.dressnotes.com,2012
2003,Altaeros,www.altaeros.com,2010
2004,Altaeros,www.altaeros.com,2010
2005,Altaeros,www.altaeros.com,2010
2006,Altaeros,www.altaeros.com,2010
2007,Altaeros,www.altaeros.com,2010
2008,Altaeros,www.altaeros.com,2010
2009,Altaeros,www.altaeros.com,2010
2010,Altaeros,www.altaeros.com,2010
2011,Altaeros,www.altaeros.com,2010
2012,Altaeros,www.altaeros.com,2010
2013,Altaeros,www.altaeros.com,2010
2014,Altaeros,www.altaeros.com,2010
2015,Altaeros,www.altaeros.com,2010
2016,Altaeros,www.altaeros.com,2010
2017,Altaeros,www.altaeros.com,2010
2018,Altaeros,www.altaeros.com,2010
2019,Altaeros,www.altaeros.com,2010
2020,Altaeros,www.altaeros.com,2010
2021,Altaeros,www.altaeros.com,2010
2022,Altaeros,www.altaeros.com,2010
2023,Altaeros,www.altaeros.com,2010
2024,Altaeros,www.altaeros.com,2010
2003,Navajo Transitional Energy Company,www.navenergy.com,2013
2004,Navajo Transitional Energy Company,www.navenergy.com,2013
2005,Navajo Transitional Energy Company,www.navenergy.com,2013
2006,Navajo Transitional Energy Company,www.navenergy.com,2013
2007,Navajo Transitional Energy Company,www.navenergy.com,2013
2008,Navajo Transitional Energy Company,www.navenergy.com,2013
2009,Navajo Transitional Energy Company,www.navenergy.com,2013
2010,Navajo Transitional Energy Company,www.navenergy.com,2013
2011,Navajo Transitional Energy Company,www.navenergy.com,2013
2012,Navajo Transitional Energy Company,www.navenergy.com,2013
2013,Navajo Transitional Energy Company,www.navenergy.com,2013
2014,Navajo Transitional Energy Company,www.navenergy.com,2013
2015,Navajo Transitional Energy Company,www.navenergy.com,2013
2016,Navajo Transitional Energy Company,www.navenergy.com,2013
2017,Navajo Transitional Energy Company,www.navenergy.com,2013
2018,Navajo Transitional Energy Company,www.navenergy.com,2013
2019,Navajo Transitional Energy Company,www.navenergy.com,2013
2020,Navajo Transitional Energy Company,www.navenergy.com,2013
2021,Navajo Transitional Energy Company,www.navenergy.com,2013
2022,Navajo Transitional Energy Company,www.navenergy.com,2013
2023,Navajo Transitional Energy Company,www.navenergy.com,2013
2024,Navajo Transitional Energy Company,www.navenergy.com,2013
2003,Cultoria,www.cultoria.de,2011
2004,Cultoria,www.cultoria.de,2011
2005,Cultoria,www.cultoria.de,2011
2006,Cultoria,www.cultoria.de,2011
2007,Cultoria,www.cultoria.de,2011
2008,Cultoria,www.cultoria.de,2011
2009,Cultoria,www.cultoria.de,2011
2010,Cultoria,www.cultoria.de,2011
2011,Cultoria,www.cultoria.de,2011
2012,Cultoria,www.cultoria.de,2011
2013,Cultoria,www.cultoria.de,2011
2014,Cultoria,www.cultoria.de,2011
2015,Cultoria,www.cultoria.de,2011
2016,Cultoria,www.cultoria.de,2011
2017,Cultoria,www.cultoria.de,2011
2018,Cultoria,www.cultoria.de,2011
2019,Cultoria,www.cultoria.de,2011
2020,Cultoria,www.cultoria.de,2011
2021,Cultoria,www.cultoria.de,2011
2022,Cultoria,www.cultoria.de,2011
2023,Cultoria,www.cultoria.de,2011
2024,Cultoria,www.cultoria.de,2011
2003,MetaMind (Software Development Applications),www.metamind.io,2014
2004,MetaMind (Software Development Applications),www.metamind.io,2014
2005,MetaMind (Software Development Applications),www.metamind.io,2014
2006,MetaMind (Software Development Applications),www.metamind.io,2014
2007,MetaMind (Software Development Applications),www.metamind.io,2014
2008,MetaMind (Software Development Applications),www.metamind.io,2014
2009,MetaMind (Software Development Applications),www.metamind.io,2014
2010,MetaMind (Software Development Applications),www.metamind.io,2014
2011,MetaMind (Software Development Applications),www.metamind.io,2014
2012,MetaMind (Software Development Applications),www.metamind.io,2014
2013,MetaMind (Software Development Applications),www.metamind.io,2014
2014,MetaMind (Software Development Applications),www.metamind.io,2014
2015,MetaMind (Software Development Applications),www.metamind.io,2014
2016,MetaMind (Software Development Applications),www.metamind.io,2014
2017,MetaMind (Software Development Applications),www.metamind.io,2014
2018,MetaMind (Software Development Applications),www.metamind.io,2014
2019,MetaMind (Software Development Applications),www.metamind.io,2014
2020,MetaMind (Software Development Applications),www.metamind.io,2014
2021,MetaMind (Software Development Applications),www.metamind.io,2014
2022,MetaMind (Software Development Applications),www.metamind.io,2014
2023,MetaMind (Software Development Applications),www.metamind.io,2014
2024,MetaMind (Software Development Applications),www.metamind.io,2014
2003,Phronesis Techne,www.phronesistechne.com,2014
2004,Phronesis Techne,www.phronesistechne.com,2014
2005,Phronesis Techne,www.phronesistechne.com,2014
2006,Phronesis Techne,www.phronesistechne.com,2014
2007,Phronesis Techne,www.phronesistechne.com,2014
2008,Phronesis Techne,www.phronesistechne.com,2014
2009,Phronesis Techne,www.phronesistechne.com,2014
2010,Phronesis Techne,www.phronesistechne.com,2014
2011,Phronesis Techne,www.phronesistechne.com,2014
2012,Phronesis Techne,www.phronesistechne.com,2014
2013,Phronesis Techne,www.phronesistechne.com,2014
2014,Phronesis Techne,www.phronesistechne.com,2014
2015,Phronesis Techne,www.phronesistechne.com,2014
2016,Phronesis Techne,www.phronesistechne.com,2014
2017,Phronesis Techne,www.phronesistechne.com,2014
2018,Phronesis Techne,www.phronesistechne.com,2014
2019,Phronesis Techne,www.phronesistechne.com,2014
2020,Phronesis Techne,www.phronesistechne.com,2014
2021,Phronesis Techne,www.phronesistechne.com,2014
2022,Phronesis Techne,www.phronesistechne.com,2014
2023,Phronesis Techne,www.phronesistechne.com,2014
2024,Phronesis Techne,www.phronesistechne.com,2014
2003,Faysee,www.faysee.com,2013
2004,Faysee,www.faysee.com,2013
2005,Faysee,www.faysee.com,2013
2006,Faysee,www.faysee.com,2013
2007,Faysee,www.faysee.com,2013
2008,Faysee,www.faysee.com,2013
2009,Faysee,www.faysee.com,2013
2010,Faysee,www.faysee.com,2013
2011,Faysee,www.faysee.com,2013
2012,Faysee,www.faysee.com,2013
2013,Faysee,www.faysee.com,2013
2014,Faysee,www.faysee.com,2013
2015,Faysee,www.faysee.com,2013
2016,Faysee,www.faysee.com,2013
2017,Faysee,www.faysee.com,2013
2018,Faysee,www.faysee.com,2013
2019,Faysee,www.faysee.com,2013
2020,Faysee,www.faysee.com,2013
2021,Faysee,www.faysee.com,2013
2022,Faysee,www.faysee.com,2013
2023,Faysee,www.faysee.com,2013
2024,Faysee,www.faysee.com,2013
2003,Catalogic,www.catalogicsoftware.com,2013
2004,Catalogic,www.catalogicsoftware.com,2013
2005,Catalogic,www.catalogicsoftware.com,2013
2006,Catalogic,www.catalogicsoftware.com,2013
2007,Catalogic,www.catalogicsoftware.com,2013
2008,Catalogic,www.catalogicsoftware.com,2013
2009,Catalogic,www.catalogicsoftware.com,2013
2010,Catalogic,www.catalogicsoftware.com,2013
2011,Catalogic,www.catalogicsoftware.com,2013
2012,Catalogic,www.catalogicsoftware.com,2013
2013,Catalogic,www.catalogicsoftware.com,2013
2014,Catalogic,www.catalogicsoftware.com,2013
2015,Catalogic,www.catalogicsoftware.com,2013
2016,Catalogic,www.catalogicsoftware.com,2013
2017,Catalogic,www.catalogicsoftware.com,2013
2018,Catalogic,www.catalogicsoftware.com,2013
2019,Catalogic,www.catalogicsoftware.com,2013
2020,Catalogic,www.catalogicsoftware.com,2013
2021,Catalogic,www.catalogicsoftware.com,2013
2022,Catalogic,www.catalogicsoftware.com,2013
2023,Catalogic,www.catalogicsoftware.com,2013
2024,Catalogic,www.catalogicsoftware.com,2013
2003,Sync (Financial Services),www.syncfinancial.com,2013
2004,Sync (Financial Services),www.syncfinancial.com,2013
2005,Sync (Financial Services),www.syncfinancial.com,2013
2006,Sync (Financial Services),www.syncfinancial.com,2013
2007,Sync (Financial Services),www.syncfinancial.com,2013
2008,Sync (Financial Services),www.syncfinancial.com,2013
2009,Sync (Financial Services),www.syncfinancial.com,2013
2010,Sync (Financial Services),www.syncfinancial.com,2013
2011,Sync (Financial Services),www.syncfinancial.com,2013
2012,Sync (Financial Services),www.syncfinancial.com,2013
2013,Sync (Financial Services),www.syncfinancial.com,2013
2014,Sync (Financial Services),www.syncfinancial.com,2013
2015,Sync (Financial Services),www.syncfinancial.com,2013
2016,Sync (Financial Services),www.syncfinancial.com,2013
2017,Sync (Financial Services),www.syncfinancial.com,2013
2018,Sync (Financial Services),www.syncfinancial.com,2013
2019,Sync (Financial Services),www.syncfinancial.com,2013
2020,Sync (Financial Services),www.syncfinancial.com,2013
2021,Sync (Financial Services),www.syncfinancial.com,2013
2022,Sync (Financial Services),www.syncfinancial.com,2013
2023,Sync (Financial Services),www.syncfinancial.com,2013
2024,Sync (Financial Services),www.syncfinancial.com,2013
2003,Alpha Dominche,www.alphadominche.com,2011
2004,Alpha Dominche,www.alphadominche.com,2011
2005,Alpha Dominche,www.alphadominche.com,2011
2006,Alpha Dominche,www.alphadominche.com,2011
2007,Alpha Dominche,www.alphadominche.com,2011
2008,Alpha Dominche,www.alphadominche.com,2011
2009,Alpha Dominche,www.alphadominche.com,2011
2010,Alpha Dominche,www.alphadominche.com,2011
2011,Alpha Dominche,www.alphadominche.com,2011
2012,Alpha Dominche,www.alphadominche.com,2011
2013,Alpha Dominche,www.alphadominche.com,2011
2014,Alpha Dominche,www.alphadominche.com,2011
2015,Alpha Dominche,www.alphadominche.com,2011
2016,Alpha Dominche,www.alphadominche.com,2011
2017,Alpha Dominche,www.alphadominche.com,2011
2018,Alpha Dominche,www.alphadominche.com,2011
2019,Alpha Dominche,www.alphadominche.com,2011
2020,Alpha Dominche,www.alphadominche.com,2011
2021,Alpha Dominche,www.alphadominche.com,2011
2022,Alpha Dominche,www.alphadominche.com,2011
2023,Alpha Dominche,www.alphadominche.com,2011
2024,Alpha Dominche,www.alphadominche.com,2011
2003,Next Wave Connect,www.nextwaveconnect.com,2013
2004,Next Wave Connect,www.nextwaveconnect.com,2013
2005,Next Wave Connect,www.nextwaveconnect.com,2013
2006,Next Wave Connect,www.nextwaveconnect.com,2013
2007,Next Wave Connect,www.nextwaveconnect.com,2013
2008,Next Wave Connect,www.nextwaveconnect.com,2013
2009,Next Wave Connect,www.nextwaveconnect.com,2013
2010,Next Wave Connect,www.nextwaveconnect.com,2013
2011,Next Wave Connect,www.nextwaveconnect.com,2013
2012,Next Wave Connect,www.nextwaveconnect.com,2013
2013,Next Wave Connect,www.nextwaveconnect.com,2013
2014,Next Wave Connect,www.nextwaveconnect.com,2013
2015,Next Wave Connect,www.nextwaveconnect.com,2013
2016,Next Wave Connect,www.nextwaveconnect.com,2013
2017,Next Wave Connect,www.nextwaveconnect.com,2013
2018,Next Wave Connect,www.nextwaveconnect.com,2013
2019,Next Wave Connect,www.nextwaveconnect.com,2013
2020,Next Wave Connect,www.nextwaveconnect.com,2013
2021,Next Wave Connect,www.nextwaveconnect.com,2013
2022,Next Wave Connect,www.nextwaveconnect.com,2013
2023,Next Wave Connect,www.nextwaveconnect.com,2013
2024,Next Wave Connect,www.nextwaveconnect.com,2013
2003,Memory Science,www.memoryscience.com,2014
2004,Memory Science,www.memoryscience.com,2014
2005,Memory Science,www.memoryscience.com,2014
2006,Memory Science,www.memoryscience.com,2014
2007,Memory Science,www.memoryscience.com,2014
2008,Memory Science,www.memoryscience.com,2014
2009,Memory Science,www.memoryscience.com,2014
2010,Memory Science,www.memoryscience.com,2014
2011,Memory Science,www.memoryscience.com,2014
2012,Memory Science,www.memoryscience.com,2014
2013,Memory Science,www.memoryscience.com,2014
2014,Memory Science,www.memoryscience.com,2014
2015,Memory Science,www.memoryscience.com,2014
2016,Memory Science,www.memoryscience.com,2014
2017,Memory Science,www.memoryscience.com,2014
2018,Memory Science,www.memoryscience.com,2014
2019,Memory Science,www.memoryscience.com,2014
2020,Memory Science,www.memoryscience.com,2014
2021,Memory Science,www.memoryscience.com,2014
2022,Memory Science,www.memoryscience.com,2014
2023,Memory Science,www.memoryscience.com,2014
2024,Memory Science,www.memoryscience.com,2014
2003,ManageYOURiD,www.manageyourid.com,2012
2004,ManageYOURiD,www.manageyourid.com,2012
2005,ManageYOURiD,www.manageyourid.com,2012
2006,ManageYOURiD,www.manageyourid.com,2012
2007,ManageYOURiD,www.manageyourid.com,2012
2008,ManageYOURiD,www.manageyourid.com,2012
2009,ManageYOURiD,www.manageyourid.com,2012
2010,ManageYOURiD,www.manageyourid.com,2012
2011,ManageYOURiD,www.manageyourid.com,2012
2012,ManageYOURiD,www.manageyourid.com,2012
2013,ManageYOURiD,www.manageyourid.com,2012
2014,ManageYOURiD,www.manageyourid.com,2012
2015,ManageYOURiD,www.manageyourid.com,2012
2016,ManageYOURiD,www.manageyourid.com,2012
2017,ManageYOURiD,www.manageyourid.com,2012
2018,ManageYOURiD,www.manageyourid.com,2012
2019,ManageYOURiD,www.manageyourid.com,2012
2020,ManageYOURiD,www.manageyourid.com,2012
2021,ManageYOURiD,www.manageyourid.com,2012
2022,ManageYOURiD,www.manageyourid.com,2012
2023,ManageYOURiD,www.manageyourid.com,2012
2024,ManageYOURiD,www.manageyourid.com,2012
2003,Prima-Temp,www.prima-temp.com,2010
2004,Prima-Temp,www.prima-temp.com,2010
2005,Prima-Temp,www.prima-temp.com,2010
2006,Prima-Temp,www.prima-temp.com,2010
2007,Prima-Temp,www.prima-temp.com,2010
2008,Prima-Temp,www.prima-temp.com,2010
2009,Prima-Temp,www.prima-temp.com,2010
2010,Prima-Temp,www.prima-temp.com,2010
2011,Prima-Temp,www.prima-temp.com,2010
2012,Prima-Temp,www.prima-temp.com,2010
2013,Prima-Temp,www.prima-temp.com,2010
2014,Prima-Temp,www.prima-temp.com,2010
2015,Prima-Temp,www.prima-temp.com,2010
2016,Prima-Temp,www.prima-temp.com,2010
2017,Prima-Temp,www.prima-temp.com,2010
2018,Prima-Temp,www.prima-temp.com,2010
2019,Prima-Temp,www.prima-temp.com,2010
2020,Prima-Temp,www.prima-temp.com,2010
2021,Prima-Temp,www.prima-temp.com,2010
2022,Prima-Temp,www.prima-temp.com,2010
2023,Prima-Temp,www.prima-temp.com,2010
2024,Prima-Temp,www.prima-temp.com,2010
2003,Wave Sciences,www.wavesciencescorp.com,2009
2004,Wave Sciences,www.wavesciencescorp.com,2009
2005,Wave Sciences,www.wavesciencescorp.com,2009
2006,Wave Sciences,www.wavesciencescorp.com,2009
2007,Wave Sciences,www.wavesciencescorp.com,2009
2008,Wave Sciences,www.wavesciencescorp.com,2009
2009,Wave Sciences,www.wavesciencescorp.com,2009
2010,Wave Sciences,www.wavesciencescorp.com,2009
2011,Wave Sciences,www.wavesciencescorp.com,2009
2012,Wave Sciences,www.wavesciencescorp.com,2009
2013,Wave Sciences,www.wavesciencescorp.com,2009
2014,Wave Sciences,www.wavesciencescorp.com,2009
2015,Wave Sciences,www.wavesciencescorp.com,2009
2016,Wave Sciences,www.wavesciencescorp.com,2009
2017,Wave Sciences,www.wavesciencescorp.com,2009
2018,Wave Sciences,www.wavesciencescorp.com,2009
2019,Wave Sciences,www.wavesciencescorp.com,2009
2020,Wave Sciences,www.wavesciencescorp.com,2009
2021,Wave Sciences,www.wavesciencescorp.com,2009
2022,Wave Sciences,www.wavesciencescorp.com,2009
2023,Wave Sciences,www.wavesciencescorp.com,2009
2024,Wave Sciences,www.wavesciencescorp.com,2009
2003,Go Where I Go,www.gwig.com,2013
2004,Go Where I Go,www.gwig.com,2013
2005,Go Where I Go,www.gwig.com,2013
2006,Go Where I Go,www.gwig.com,2013
2007,Go Where I Go,www.gwig.com,2013
2008,Go Where I Go,www.gwig.com,2013
2009,Go Where I Go,www.gwig.com,2013
2010,Go Where I Go,www.gwig.com,2013
2011,Go Where I Go,www.gwig.com,2013
2012,Go Where I Go,www.gwig.com,2013
2013,Go Where I Go,www.gwig.com,2013
2014,Go Where I Go,www.gwig.com,2013
2015,Go Where I Go,www.gwig.com,2013
2016,Go Where I Go,www.gwig.com,2013
2017,Go Where I Go,www.gwig.com,2013
2018,Go Where I Go,www.gwig.com,2013
2019,Go Where I Go,www.gwig.com,2013
2020,Go Where I Go,www.gwig.com,2013
2021,Go Where I Go,www.gwig.com,2013
2022,Go Where I Go,www.gwig.com,2013
2023,Go Where I Go,www.gwig.com,2013
2024,Go Where I Go,www.gwig.com,2013
2003,Vlocity,www.vlocity.com,2014
2004,Vlocity,www.vlocity.com,2014
2005,Vlocity,www.vlocity.com,2014
2006,Vlocity,www.vlocity.com,2014
2007,Vlocity,www.vlocity.com,2014
2008,Vlocity,www.vlocity.com,2014
2009,Vlocity,www.vlocity.com,2014
2010,Vlocity,www.vlocity.com,2014
2011,Vlocity,www.vlocity.com,2014
2012,Vlocity,www.vlocity.com,2014
2013,Vlocity,www.vlocity.com,2014
2014,Vlocity,www.vlocity.com,2014
2015,Vlocity,www.vlocity.com,2014
2016,Vlocity,www.vlocity.com,2014
2017,Vlocity,www.vlocity.com,2014
2018,Vlocity,www.vlocity.com,2014
2019,Vlocity,www.vlocity.com,2014
2020,Vlocity,www.vlocity.com,2014
2021,Vlocity,www.vlocity.com,2014
2022,Vlocity,www.vlocity.com,2014
2023,Vlocity,www.vlocity.com,2014
2024,Vlocity,www.vlocity.com,2014
2003,Impossible Objects,www.impossible-objects.com,2011
2004,Impossible Objects,www.impossible-objects.com,2011
2005,Impossible Objects,www.impossible-objects.com,2011
2006,Impossible Objects,www.impossible-objects.com,2011
2007,Impossible Objects,www.impossible-objects.com,2011
2008,Impossible Objects,www.impossible-objects.com,2011
2009,Impossible Objects,www.impossible-objects.com,2011
2010,Impossible Objects,www.impossible-objects.com,2011
2011,Impossible Objects,www.impossible-objects.com,2011
2012,Impossible Objects,www.impossible-objects.com,2011
2013,Impossible Objects,www.impossible-objects.com,2011
2014,Impossible Objects,www.impossible-objects.com,2011
2015,Impossible Objects,www.impossible-objects.com,2011
2016,Impossible Objects,www.impossible-objects.com,2011
2017,Impossible Objects,www.impossible-objects.com,2011
2018,Impossible Objects,www.impossible-objects.com,2011
2019,Impossible Objects,www.impossible-objects.com,2011
2020,Impossible Objects,www.impossible-objects.com,2011
2021,Impossible Objects,www.impossible-objects.com,2011
2022,Impossible Objects,www.impossible-objects.com,2011
2023,Impossible Objects,www.impossible-objects.com,2011
2024,Impossible Objects,www.impossible-objects.com,2011
2003,Agora Townhall,agora.co,2014
2004,Agora Townhall,agora.co,2014
2005,Agora Townhall,agora.co,2014
2006,Agora Townhall,agora.co,2014
2007,Agora Townhall,agora.co,2014
2008,Agora Townhall,agora.co,2014
2009,Agora Townhall,agora.co,2014
2010,Agora Townhall,agora.co,2014
2011,Agora Townhall,agora.co,2014
2012,Agora Townhall,agora.co,2014
2013,Agora Townhall,agora.co,2014
2014,Agora Townhall,agora.co,2014
2015,Agora Townhall,agora.co,2014
2016,Agora Townhall,agora.co,2014
2017,Agora Townhall,agora.co,2014
2018,Agora Townhall,agora.co,2014
2019,Agora Townhall,agora.co,2014
2020,Agora Townhall,agora.co,2014
2021,Agora Townhall,agora.co,2014
2022,Agora Townhall,agora.co,2014
2023,Agora Townhall,agora.co,2014
2024,Agora Townhall,agora.co,2014
2003,Bankity,www.bankity.com,2013
2004,Bankity,www.bankity.com,2013
2005,Bankity,www.bankity.com,2013
2006,Bankity,www.bankity.com,2013
2007,Bankity,www.bankity.com,2013
2008,Bankity,www.bankity.com,2013
2009,Bankity,www.bankity.com,2013
2010,Bankity,www.bankity.com,2013
2011,Bankity,www.bankity.com,2013
2012,Bankity,www.bankity.com,2013
2013,Bankity,www.bankity.com,2013
2014,Bankity,www.bankity.com,2013
2015,Bankity,www.bankity.com,2013
2016,Bankity,www.bankity.com,2013
2017,Bankity,www.bankity.com,2013
2018,Bankity,www.bankity.com,2013
2019,Bankity,www.bankity.com,2013
2020,Bankity,www.bankity.com,2013
2021,Bankity,www.bankity.com,2013
2022,Bankity,www.bankity.com,2013
2023,Bankity,www.bankity.com,2013
2024,Bankity,www.bankity.com,2013
2003,LegalJump,www.legaljump.com,2010
2004,LegalJump,www.legaljump.com,2010
2005,LegalJump,www.legaljump.com,2010
2006,LegalJump,www.legaljump.com,2010
2007,LegalJump,www.legaljump.com,2010
2008,LegalJump,www.legaljump.com,2010
2009,LegalJump,www.legaljump.com,2010
2010,LegalJump,www.legaljump.com,2010
2011,LegalJump,www.legaljump.com,2010
2012,LegalJump,www.legaljump.com,2010
2013,LegalJump,www.legaljump.com,2010
2014,LegalJump,www.legaljump.com,2010
2015,LegalJump,www.legaljump.com,2010
2016,LegalJump,www.legaljump.com,2010
2017,LegalJump,www.legaljump.com,2010
2018,LegalJump,www.legaljump.com,2010
2019,LegalJump,www.legaljump.com,2010
2020,LegalJump,www.legaljump.com,2010
2021,LegalJump,www.legaljump.com,2010
2022,LegalJump,www.legaljump.com,2010
2023,LegalJump,www.legaljump.com,2010
2024,LegalJump,www.legaljump.com,2010
2003,FlexDex Surgical,www.flexdex.com,2010
2004,FlexDex Surgical,www.flexdex.com,2010
2005,FlexDex Surgical,www.flexdex.com,2010
2006,FlexDex Surgical,www.flexdex.com,2010
2007,FlexDex Surgical,www.flexdex.com,2010
2008,FlexDex Surgical,www.flexdex.com,2010
2009,FlexDex Surgical,www.flexdex.com,2010
2010,FlexDex Surgical,www.flexdex.com,2010
2011,FlexDex Surgical,www.flexdex.com,2010
2012,FlexDex Surgical,www.flexdex.com,2010
2013,FlexDex Surgical,www.flexdex.com,2010
2014,FlexDex Surgical,www.flexdex.com,2010
2015,FlexDex Surgical,www.flexdex.com,2010
2016,FlexDex Surgical,www.flexdex.com,2010
2017,FlexDex Surgical,www.flexdex.com,2010
2018,FlexDex Surgical,www.flexdex.com,2010
2019,FlexDex Surgical,www.flexdex.com,2010
2020,FlexDex Surgical,www.flexdex.com,2010
2021,FlexDex Surgical,www.flexdex.com,2010
2022,FlexDex Surgical,www.flexdex.com,2010
2023,FlexDex Surgical,www.flexdex.com,2010
2024,FlexDex Surgical,www.flexdex.com,2010
2003,CrossCoat Medical,www.crosscoatmedical.com,2014
2004,CrossCoat Medical,www.crosscoatmedical.com,2014
2005,CrossCoat Medical,www.crosscoatmedical.com,2014
2006,CrossCoat Medical,www.crosscoatmedical.com,2014
2007,CrossCoat Medical,www.crosscoatmedical.com,2014
2008,CrossCoat Medical,www.crosscoatmedical.com,2014
2009,CrossCoat Medical,www.crosscoatmedical.com,2014
2010,CrossCoat Medical,www.crosscoatmedical.com,2014
2011,CrossCoat Medical,www.crosscoatmedical.com,2014
2012,CrossCoat Medical,www.crosscoatmedical.com,2014
2013,CrossCoat Medical,www.crosscoatmedical.com,2014
2014,CrossCoat Medical,www.crosscoatmedical.com,2014
2015,CrossCoat Medical,www.crosscoatmedical.com,2014
2016,CrossCoat Medical,www.crosscoatmedical.com,2014
2017,CrossCoat Medical,www.crosscoatmedical.com,2014
2018,CrossCoat Medical,www.crosscoatmedical.com,2014
2019,CrossCoat Medical,www.crosscoatmedical.com,2014
2020,CrossCoat Medical,www.crosscoatmedical.com,2014
2021,CrossCoat Medical,www.crosscoatmedical.com,2014
2022,CrossCoat Medical,www.crosscoatmedical.com,2014
2023,CrossCoat Medical,www.crosscoatmedical.com,2014
2024,CrossCoat Medical,www.crosscoatmedical.com,2014
2003,Alps & Meters,www.alpsandmeters.com,2013
2004,Alps & Meters,www.alpsandmeters.com,2013
2005,Alps & Meters,www.alpsandmeters.com,2013
2006,Alps & Meters,www.alpsandmeters.com,2013
2007,Alps & Meters,www.alpsandmeters.com,2013
2008,Alps & Meters,www.alpsandmeters.com,2013
2009,Alps & Meters,www.alpsandmeters.com,2013
2010,Alps & Meters,www.alpsandmeters.com,2013
2011,Alps & Meters,www.alpsandmeters.com,2013
2012,Alps & Meters,www.alpsandmeters.com,2013
2013,Alps & Meters,www.alpsandmeters.com,2013
2014,Alps & Meters,www.alpsandmeters.com,2013
2015,Alps & Meters,www.alpsandmeters.com,2013
2016,Alps & Meters,www.alpsandmeters.com,2013
2017,Alps & Meters,www.alpsandmeters.com,2013
2018,Alps & Meters,www.alpsandmeters.com,2013
2019,Alps & Meters,www.alpsandmeters.com,2013
2020,Alps & Meters,www.alpsandmeters.com,2013
2021,Alps & Meters,www.alpsandmeters.com,2013
2022,Alps & Meters,www.alpsandmeters.com,2013
2023,Alps & Meters,www.alpsandmeters.com,2013
2024,Alps & Meters,www.alpsandmeters.com,2013
2003,Komodo Health,www.komodohealth.com,2014
2004,Komodo Health,www.komodohealth.com,2014
2005,Komodo Health,www.komodohealth.com,2014
2006,Komodo Health,www.komodohealth.com,2014
2007,Komodo Health,www.komodohealth.com,2014
2008,Komodo Health,www.komodohealth.com,2014
2009,Komodo Health,www.komodohealth.com,2014
2010,Komodo Health,www.komodohealth.com,2014
2011,Komodo Health,www.komodohealth.com,2014
2012,Komodo Health,www.komodohealth.com,2014
2013,Komodo Health,www.komodohealth.com,2014
2014,Komodo Health,www.komodohealth.com,2014
2015,Komodo Health,www.komodohealth.com,2014
2016,Komodo Health,www.komodohealth.com,2014
2017,Komodo Health,www.komodohealth.com,2014
2018,Komodo Health,www.komodohealth.com,2014
2019,Komodo Health,www.komodohealth.com,2014
2020,Komodo Health,www.komodohealth.com,2014
2021,Komodo Health,www.komodohealth.com,2014
2022,Komodo Health,www.komodohealth.com,2014
2023,Komodo Health,www.komodohealth.com,2014
2024,Komodo Health,www.komodohealth.com,2014
2003,Transfersoft,www.transfersoft.com,2014
2004,Transfersoft,www.transfersoft.com,2014
2005,Transfersoft,www.transfersoft.com,2014
2006,Transfersoft,www.transfersoft.com,2014
2007,Transfersoft,www.transfersoft.com,2014
2008,Transfersoft,www.transfersoft.com,2014
2009,Transfersoft,www.transfersoft.com,2014
2010,Transfersoft,www.transfersoft.com,2014
2011,Transfersoft,www.transfersoft.com,2014
2012,Transfersoft,www.transfersoft.com,2014
2013,Transfersoft,www.transfersoft.com,2014
2014,Transfersoft,www.transfersoft.com,2014
2015,Transfersoft,www.transfersoft.com,2014
2016,Transfersoft,www.transfersoft.com,2014
2017,Transfersoft,www.transfersoft.com,2014
2018,Transfersoft,www.transfersoft.com,2014
2019,Transfersoft,www.transfersoft.com,2014
2020,Transfersoft,www.transfersoft.com,2014
2021,Transfersoft,www.transfersoft.com,2014
2022,Transfersoft,www.transfersoft.com,2014
2023,Transfersoft,www.transfersoft.com,2014
2024,Transfersoft,www.transfersoft.com,2014
2003,Third Ear,www.3rdear.co,2013
2004,Third Ear,www.3rdear.co,2013
2005,Third Ear,www.3rdear.co,2013
2006,Third Ear,www.3rdear.co,2013
2007,Third Ear,www.3rdear.co,2013
2008,Third Ear,www.3rdear.co,2013
2009,Third Ear,www.3rdear.co,2013
2010,Third Ear,www.3rdear.co,2013
2011,Third Ear,www.3rdear.co,2013
2012,Third Ear,www.3rdear.co,2013
2013,Third Ear,www.3rdear.co,2013
2014,Third Ear,www.3rdear.co,2013
2015,Third Ear,www.3rdear.co,2013
2016,Third Ear,www.3rdear.co,2013
2017,Third Ear,www.3rdear.co,2013
2018,Third Ear,www.3rdear.co,2013
2019,Third Ear,www.3rdear.co,2013
2020,Third Ear,www.3rdear.co,2013
2021,Third Ear,www.3rdear.co,2013
2022,Third Ear,www.3rdear.co,2013
2023,Third Ear,www.3rdear.co,2013
2024,Third Ear,www.3rdear.co,2013
2003,Next Thing,bbs.nextthing.co,2014
2004,Next Thing,bbs.nextthing.co,2014
2005,Next Thing,bbs.nextthing.co,2014
2006,Next Thing,bbs.nextthing.co,2014
2007,Next Thing,bbs.nextthing.co,2014
2008,Next Thing,bbs.nextthing.co,2014
2009,Next Thing,bbs.nextthing.co,2014
2010,Next Thing,bbs.nextthing.co,2014
2011,Next Thing,bbs.nextthing.co,2014
2012,Next Thing,bbs.nextthing.co,2014
2013,Next Thing,bbs.nextthing.co,2014
2014,Next Thing,bbs.nextthing.co,2014
2015,Next Thing,bbs.nextthing.co,2014
2016,Next Thing,bbs.nextthing.co,2014
2017,Next Thing,bbs.nextthing.co,2014
2018,Next Thing,bbs.nextthing.co,2014
2019,Next Thing,bbs.nextthing.co,2014
2020,Next Thing,bbs.nextthing.co,2014
2021,Next Thing,bbs.nextthing.co,2014
2022,Next Thing,bbs.nextthing.co,2014
2023,Next Thing,bbs.nextthing.co,2014
2024,Next Thing,bbs.nextthing.co,2014
2003,Wearpoint,www.wearpoint.com,2013
2004,Wearpoint,www.wearpoint.com,2013
2005,Wearpoint,www.wearpoint.com,2013
2006,Wearpoint,www.wearpoint.com,2013
2007,Wearpoint,www.wearpoint.com,2013
2008,Wearpoint,www.wearpoint.com,2013
2009,Wearpoint,www.wearpoint.com,2013
2010,Wearpoint,www.wearpoint.com,2013
2011,Wearpoint,www.wearpoint.com,2013
2012,Wearpoint,www.wearpoint.com,2013
2013,Wearpoint,www.wearpoint.com,2013
2014,Wearpoint,www.wearpoint.com,2013
2015,Wearpoint,www.wearpoint.com,2013
2016,Wearpoint,www.wearpoint.com,2013
2017,Wearpoint,www.wearpoint.com,2013
2018,Wearpoint,www.wearpoint.com,2013
2019,Wearpoint,www.wearpoint.com,2013
2020,Wearpoint,www.wearpoint.com,2013
2021,Wearpoint,www.wearpoint.com,2013
2022,Wearpoint,www.wearpoint.com,2013
2023,Wearpoint,www.wearpoint.com,2013
2024,Wearpoint,www.wearpoint.com,2013
2003,Deep Brain Innovations,www.deepbraininnovations.com,2012
2004,Deep Brain Innovations,www.deepbraininnovations.com,2012
2005,Deep Brain Innovations,www.deepbraininnovations.com,2012
2006,Deep Brain Innovations,www.deepbraininnovations.com,2012
2007,Deep Brain Innovations,www.deepbraininnovations.com,2012
2008,Deep Brain Innovations,www.deepbraininnovations.com,2012
2009,Deep Brain Innovations,www.deepbraininnovations.com,2012
2010,Deep Brain Innovations,www.deepbraininnovations.com,2012
2011,Deep Brain Innovations,www.deepbraininnovations.com,2012
2012,Deep Brain Innovations,www.deepbraininnovations.com,2012
2013,Deep Brain Innovations,www.deepbraininnovations.com,2012
2014,Deep Brain Innovations,www.deepbraininnovations.com,2012
2015,Deep Brain Innovations,www.deepbraininnovations.com,2012
2016,Deep Brain Innovations,www.deepbraininnovations.com,2012
2017,Deep Brain Innovations,www.deepbraininnovations.com,2012
2018,Deep Brain Innovations,www.deepbraininnovations.com,2012
2019,Deep Brain Innovations,www.deepbraininnovations.com,2012
2020,Deep Brain Innovations,www.deepbraininnovations.com,2012
2021,Deep Brain Innovations,www.deepbraininnovations.com,2012
2022,Deep Brain Innovations,www.deepbraininnovations.com,2012
2023,Deep Brain Innovations,www.deepbraininnovations.com,2012
2024,Deep Brain Innovations,www.deepbraininnovations.com,2012
2003,Ideapod,www.ideapod.com,2013
2004,Ideapod,www.ideapod.com,2013
2005,Ideapod,www.ideapod.com,2013
2006,Ideapod,www.ideapod.com,2013
2007,Ideapod,www.ideapod.com,2013
2008,Ideapod,www.ideapod.com,2013
2009,Ideapod,www.ideapod.com,2013
2010,Ideapod,www.ideapod.com,2013
2011,Ideapod,www.ideapod.com,2013
2012,Ideapod,www.ideapod.com,2013
2013,Ideapod,www.ideapod.com,2013
2014,Ideapod,www.ideapod.com,2013
2015,Ideapod,www.ideapod.com,2013
2016,Ideapod,www.ideapod.com,2013
2017,Ideapod,www.ideapod.com,2013
2018,Ideapod,www.ideapod.com,2013
2019,Ideapod,www.ideapod.com,2013
2020,Ideapod,www.ideapod.com,2013
2021,Ideapod,www.ideapod.com,2013
2022,Ideapod,www.ideapod.com,2013
2023,Ideapod,www.ideapod.com,2013
2024,Ideapod,www.ideapod.com,2013
2003,KlutchClub,www.klutchclub.com,2012
2004,KlutchClub,www.klutchclub.com,2012
2005,KlutchClub,www.klutchclub.com,2012
2006,KlutchClub,www.klutchclub.com,2012
2007,KlutchClub,www.klutchclub.com,2012
2008,KlutchClub,www.klutchclub.com,2012
2009,KlutchClub,www.klutchclub.com,2012
2010,KlutchClub,www.klutchclub.com,2012
2011,KlutchClub,www.klutchclub.com,2012
2012,KlutchClub,www.klutchclub.com,2012
2013,KlutchClub,www.klutchclub.com,2012
2014,KlutchClub,www.klutchclub.com,2012
2015,KlutchClub,www.klutchclub.com,2012
2016,KlutchClub,www.klutchclub.com,2012
2017,KlutchClub,www.klutchclub.com,2012
2018,KlutchClub,www.klutchclub.com,2012
2019,KlutchClub,www.klutchclub.com,2012
2020,KlutchClub,www.klutchclub.com,2012
2021,KlutchClub,www.klutchclub.com,2012
2022,KlutchClub,www.klutchclub.com,2012
2023,KlutchClub,www.klutchclub.com,2012
2024,KlutchClub,www.klutchclub.com,2012
2003,Coolr,www.coolr.io,2014
2004,Coolr,www.coolr.io,2014
2005,Coolr,www.coolr.io,2014
2006,Coolr,www.coolr.io,2014
2007,Coolr,www.coolr.io,2014
2008,Coolr,www.coolr.io,2014
2009,Coolr,www.coolr.io,2014
2010,Coolr,www.coolr.io,2014
2011,Coolr,www.coolr.io,2014
2012,Coolr,www.coolr.io,2014
2013,Coolr,www.coolr.io,2014
2014,Coolr,www.coolr.io,2014
2015,Coolr,www.coolr.io,2014
2016,Coolr,www.coolr.io,2014
2017,Coolr,www.coolr.io,2014
2018,Coolr,www.coolr.io,2014
2019,Coolr,www.coolr.io,2014
2020,Coolr,www.coolr.io,2014
2021,Coolr,www.coolr.io,2014
2022,Coolr,www.coolr.io,2014
2023,Coolr,www.coolr.io,2014
2024,Coolr,www.coolr.io,2014
2003,LugLess,www.lugless.com,2009
2004,LugLess,www.lugless.com,2009
2005,LugLess,www.lugless.com,2009
2006,LugLess,www.lugless.com,2009
2007,LugLess,www.lugless.com,2009
2008,LugLess,www.lugless.com,2009
2009,LugLess,www.lugless.com,2009
2010,LugLess,www.lugless.com,2009
2011,LugLess,www.lugless.com,2009
2012,LugLess,www.lugless.com,2009
2013,LugLess,www.lugless.com,2009
2014,LugLess,www.lugless.com,2009
2015,LugLess,www.lugless.com,2009
2016,LugLess,www.lugless.com,2009
2017,LugLess,www.lugless.com,2009
2018,LugLess,www.lugless.com,2009
2019,LugLess,www.lugless.com,2009
2020,LugLess,www.lugless.com,2009
2021,LugLess,www.lugless.com,2009
2022,LugLess,www.lugless.com,2009
2023,LugLess,www.lugless.com,2009
2024,LugLess,www.lugless.com,2009
2003,Fame and Partners,www.fameandpartners.com,2013
2004,Fame and Partners,www.fameandpartners.com,2013
2005,Fame and Partners,www.fameandpartners.com,2013
2006,Fame and Partners,www.fameandpartners.com,2013
2007,Fame and Partners,www.fameandpartners.com,2013
2008,Fame and Partners,www.fameandpartners.com,2013
2009,Fame and Partners,www.fameandpartners.com,2013
2010,Fame and Partners,www.fameandpartners.com,2013
2011,Fame and Partners,www.fameandpartners.com,2013
2012,Fame and Partners,www.fameandpartners.com,2013
2013,Fame and Partners,www.fameandpartners.com,2013
2014,Fame and Partners,www.fameandpartners.com,2013
2015,Fame and Partners,www.fameandpartners.com,2013
2016,Fame and Partners,www.fameandpartners.com,2013
2017,Fame and Partners,www.fameandpartners.com,2013
2018,Fame and Partners,www.fameandpartners.com,2013
2019,Fame and Partners,www.fameandpartners.com,2013
2020,Fame and Partners,www.fameandpartners.com,2013
2021,Fame and Partners,www.fameandpartners.com,2013
2022,Fame and Partners,www.fameandpartners.com,2013
2023,Fame and Partners,www.fameandpartners.com,2013
2024,Fame and Partners,www.fameandpartners.com,2013
2003,Aspen Park Pharmaceuticals,www.aspenparkpharma.com,2014
2004,Aspen Park Pharmaceuticals,www.aspenparkpharma.com,2014
2005,Aspen Park Pharmaceuticals,www.aspenparkpharma.com,2014
2006,Aspen Park Pharmaceuticals,www.aspenparkpharma.com,2014
2007,Aspen Park Pharmaceuticals,www.aspenparkpharma.com,2014
2008,Aspen Park Pharmaceuticals,www.aspenparkpharma.com,2014
2009,Aspen Park Pharmaceuticals,www.aspenparkpharma.com,2014
2010,Aspen Park Pharmaceuticals,www.aspenparkpharma.com,2014
2011,Aspen Park Pharmaceuticals,www.aspenparkpharma.com,2014
2012,Aspen Park Pharmaceuticals,www.aspenparkpharma.com,2014
2013,Aspen Park Pharmaceuticals,www.aspenparkpharma.com,2014
2014,Aspen Park Pharmaceuticals,www.aspenparkpharma.com,2014
2015,Aspen Park Pharmaceuticals,www.aspenparkpharma.com,2014
2016,Aspen Park Pharmaceuticals,www.aspenparkpharma.com,2014
2017,Aspen Park Pharmaceuticals,www.aspenparkpharma.com,2014
2018,Aspen Park Pharmaceuticals,www.aspenparkpharma.com,2014
2019,Aspen Park Pharmaceuticals,www.aspenparkpharma.com,2014
2020,Aspen Park Pharmaceuticals,www.aspenparkpharma.com,2014
2021,Aspen Park Pharmaceuticals,www.aspenparkpharma.com,2014
2022,Aspen Park Pharmaceuticals,www.aspenparkpharma.com,2014
2023,Aspen Park Pharmaceuticals,www.aspenparkpharma.com,2014
2024,Aspen Park Pharmaceuticals,www.aspenparkpharma.com,2014
2003,Seamless Devices,www.seamlessdevices.com,2014
2004,Seamless Devices,www.seamlessdevices.com,2014
2005,Seamless Devices,www.seamlessdevices.com,2014
2006,Seamless Devices,www.seamlessdevices.com,2014
2007,Seamless Devices,www.seamlessdevices.com,2014
2008,Seamless Devices,www.seamlessdevices.com,2014
2009,Seamless Devices,www.seamlessdevices.com,2014
2010,Seamless Devices,www.seamlessdevices.com,2014
2011,Seamless Devices,www.seamlessdevices.com,2014
2012,Seamless Devices,www.seamlessdevices.com,2014
2013,Seamless Devices,www.seamlessdevices.com,2014
2014,Seamless Devices,www.seamlessdevices.com,2014
2015,Seamless Devices,www.seamlessdevices.com,2014
2016,Seamless Devices,www.seamlessdevices.com,2014
2017,Seamless Devices,www.seamlessdevices.com,2014
2018,Seamless Devices,www.seamlessdevices.com,2014
2019,Seamless Devices,www.seamlessdevices.com,2014
2020,Seamless Devices,www.seamlessdevices.com,2014
2021,Seamless Devices,www.seamlessdevices.com,2014
2022,Seamless Devices,www.seamlessdevices.com,2014
2023,Seamless Devices,www.seamlessdevices.com,2014
2024,Seamless Devices,www.seamlessdevices.com,2014
2003,Percipient Networks,www.strongarm.io,2014
2004,Percipient Networks,www.strongarm.io,2014
2005,Percipient Networks,www.strongarm.io,2014
2006,Percipient Networks,www.strongarm.io,2014
2007,Percipient Networks,www.strongarm.io,2014
2008,Percipient Networks,www.strongarm.io,2014
2009,Percipient Networks,www.strongarm.io,2014
2010,Percipient Networks,www.strongarm.io,2014
2011,Percipient Networks,www.strongarm.io,2014
2012,Percipient Networks,www.strongarm.io,2014
2013,Percipient Networks,www.strongarm.io,2014
2014,Percipient Networks,www.strongarm.io,2014
2015,Percipient Networks,www.strongarm.io,2014
2016,Percipient Networks,www.strongarm.io,2014
2017,Percipient Networks,www.strongarm.io,2014
2018,Percipient Networks,www.strongarm.io,2014
2019,Percipient Networks,www.strongarm.io,2014
2020,Percipient Networks,www.strongarm.io,2014
2021,Percipient Networks,www.strongarm.io,2014
2022,Percipient Networks,www.strongarm.io,2014
2023,Percipient Networks,www.strongarm.io,2014
2024,Percipient Networks,www.strongarm.io,2014
2003,Allied Minds Federal Innovations,www.amfederalinnovations.com,2012
2004,Allied Minds Federal Innovations,www.amfederalinnovations.com,2012
2005,Allied Minds Federal Innovations,www.amfederalinnovations.com,2012
2006,Allied Minds Federal Innovations,www.amfederalinnovations.com,2012
2007,Allied Minds Federal Innovations,www.amfederalinnovations.com,2012
2008,Allied Minds Federal Innovations,www.amfederalinnovations.com,2012
2009,Allied Minds Federal Innovations,www.amfederalinnovations.com,2012
2010,Allied Minds Federal Innovations,www.amfederalinnovations.com,2012
2011,Allied Minds Federal Innovations,www.amfederalinnovations.com,2012
2012,Allied Minds Federal Innovations,www.amfederalinnovations.com,2012
2013,Allied Minds Federal Innovations,www.amfederalinnovations.com,2012
2014,Allied Minds Federal Innovations,www.amfederalinnovations.com,2012
2015,Allied Minds Federal Innovations,www.amfederalinnovations.com,2012
2016,Allied Minds Federal Innovations,www.amfederalinnovations.com,2012
2017,Allied Minds Federal Innovations,www.amfederalinnovations.com,2012
2018,Allied Minds Federal Innovations,www.amfederalinnovations.com,2012
2019,Allied Minds Federal Innovations,www.amfederalinnovations.com,2012
2020,Allied Minds Federal Innovations,www.amfederalinnovations.com,2012
2021,Allied Minds Federal Innovations,www.amfederalinnovations.com,2012
2022,Allied Minds Federal Innovations,www.amfederalinnovations.com,2012
2023,Allied Minds Federal Innovations,www.amfederalinnovations.com,2012
2024,Allied Minds Federal Innovations,www.amfederalinnovations.com,2012
2003,IdentifEye,www.identifeyeinc.com,2008
2004,IdentifEye,www.identifeyeinc.com,2008
2005,IdentifEye,www.identifeyeinc.com,2008
2006,IdentifEye,www.identifeyeinc.com,2008
2007,IdentifEye,www.identifeyeinc.com,2008
2008,IdentifEye,www.identifeyeinc.com,2008
2009,IdentifEye,www.identifeyeinc.com,2008
2010,IdentifEye,www.identifeyeinc.com,2008
2011,IdentifEye,www.identifeyeinc.com,2008
2012,IdentifEye,www.identifeyeinc.com,2008
2013,IdentifEye,www.identifeyeinc.com,2008
2014,IdentifEye,www.identifeyeinc.com,2008
2015,IdentifEye,www.identifeyeinc.com,2008
2016,IdentifEye,www.identifeyeinc.com,2008
2017,IdentifEye,www.identifeyeinc.com,2008
2018,IdentifEye,www.identifeyeinc.com,2008
2019,IdentifEye,www.identifeyeinc.com,2008
2020,IdentifEye,www.identifeyeinc.com,2008
2021,IdentifEye,www.identifeyeinc.com,2008
2022,IdentifEye,www.identifeyeinc.com,2008
2023,IdentifEye,www.identifeyeinc.com,2008
2024,IdentifEye,www.identifeyeinc.com,2008
2003,The Recovery Station,www.therecoverystation.com,2014
2004,The Recovery Station,www.therecoverystation.com,2014
2005,The Recovery Station,www.therecoverystation.com,2014
2006,The Recovery Station,www.therecoverystation.com,2014
2007,The Recovery Station,www.therecoverystation.com,2014
2008,The Recovery Station,www.therecoverystation.com,2014
2009,The Recovery Station,www.therecoverystation.com,2014
2010,The Recovery Station,www.therecoverystation.com,2014
2011,The Recovery Station,www.therecoverystation.com,2014
2012,The Recovery Station,www.therecoverystation.com,2014
2013,The Recovery Station,www.therecoverystation.com,2014
2014,The Recovery Station,www.therecoverystation.com,2014
2015,The Recovery Station,www.therecoverystation.com,2014
2016,The Recovery Station,www.therecoverystation.com,2014
2017,The Recovery Station,www.therecoverystation.com,2014
2018,The Recovery Station,www.therecoverystation.com,2014
2019,The Recovery Station,www.therecoverystation.com,2014
2020,The Recovery Station,www.therecoverystation.com,2014
2021,The Recovery Station,www.therecoverystation.com,2014
2022,The Recovery Station,www.therecoverystation.com,2014
2023,The Recovery Station,www.therecoverystation.com,2014
2024,The Recovery Station,www.therecoverystation.com,2014
2003,SpotDy,www.spotdy.com,2014
2004,SpotDy,www.spotdy.com,2014
2005,SpotDy,www.spotdy.com,2014
2006,SpotDy,www.spotdy.com,2014
2007,SpotDy,www.spotdy.com,2014
2008,SpotDy,www.spotdy.com,2014
2009,SpotDy,www.spotdy.com,2014
2010,SpotDy,www.spotdy.com,2014
2011,SpotDy,www.spotdy.com,2014
2012,SpotDy,www.spotdy.com,2014
2013,SpotDy,www.spotdy.com,2014
2014,SpotDy,www.spotdy.com,2014
2015,SpotDy,www.spotdy.com,2014
2016,SpotDy,www.spotdy.com,2014
2017,SpotDy,www.spotdy.com,2014
2018,SpotDy,www.spotdy.com,2014
2019,SpotDy,www.spotdy.com,2014
2020,SpotDy,www.spotdy.com,2014
2021,SpotDy,www.spotdy.com,2014
2022,SpotDy,www.spotdy.com,2014
2023,SpotDy,www.spotdy.com,2014
2024,SpotDy,www.spotdy.com,2014
2003,findCRA,www.findcra.com,2013
2004,findCRA,www.findcra.com,2013
2005,findCRA,www.findcra.com,2013
2006,findCRA,www.findcra.com,2013
2007,findCRA,www.findcra.com,2013
2008,findCRA,www.findcra.com,2013
2009,findCRA,www.findcra.com,2013
2010,findCRA,www.findcra.com,2013
2011,findCRA,www.findcra.com,2013
2012,findCRA,www.findcra.com,2013
2013,findCRA,www.findcra.com,2013
2014,findCRA,www.findcra.com,2013
2015,findCRA,www.findcra.com,2013
2016,findCRA,www.findcra.com,2013
2017,findCRA,www.findcra.com,2013
2018,findCRA,www.findcra.com,2013
2019,findCRA,www.findcra.com,2013
2020,findCRA,www.findcra.com,2013
2021,findCRA,www.findcra.com,2013
2022,findCRA,www.findcra.com,2013
2023,findCRA,www.findcra.com,2013
2024,findCRA,www.findcra.com,2013
2003,Calculingua,www.calculingua.com,2012
2004,Calculingua,www.calculingua.com,2012
2005,Calculingua,www.calculingua.com,2012
2006,Calculingua,www.calculingua.com,2012
2007,Calculingua,www.calculingua.com,2012
2008,Calculingua,www.calculingua.com,2012
2009,Calculingua,www.calculingua.com,2012
2010,Calculingua,www.calculingua.com,2012
2011,Calculingua,www.calculingua.com,2012
2012,Calculingua,www.calculingua.com,2012
2013,Calculingua,www.calculingua.com,2012
2014,Calculingua,www.calculingua.com,2012
2015,Calculingua,www.calculingua.com,2012
2016,Calculingua,www.calculingua.com,2012
2017,Calculingua,www.calculingua.com,2012
2018,Calculingua,www.calculingua.com,2012
2019,Calculingua,www.calculingua.com,2012
2020,Calculingua,www.calculingua.com,2012
2021,Calculingua,www.calculingua.com,2012
2022,Calculingua,www.calculingua.com,2012
2023,Calculingua,www.calculingua.com,2012
2024,Calculingua,www.calculingua.com,2012
2003,Groom HQ,www.groomhq.com,2013
2004,Groom HQ,www.groomhq.com,2013
2005,Groom HQ,www.groomhq.com,2013
2006,Groom HQ,www.groomhq.com,2013
2007,Groom HQ,www.groomhq.com,2013
2008,Groom HQ,www.groomhq.com,2013
2009,Groom HQ,www.groomhq.com,2013
2010,Groom HQ,www.groomhq.com,2013
2011,Groom HQ,www.groomhq.com,2013
2012,Groom HQ,www.groomhq.com,2013
2013,Groom HQ,www.groomhq.com,2013
2014,Groom HQ,www.groomhq.com,2013
2015,Groom HQ,www.groomhq.com,2013
2016,Groom HQ,www.groomhq.com,2013
2017,Groom HQ,www.groomhq.com,2013
2018,Groom HQ,www.groomhq.com,2013
2019,Groom HQ,www.groomhq.com,2013
2020,Groom HQ,www.groomhq.com,2013
2021,Groom HQ,www.groomhq.com,2013
2022,Groom HQ,www.groomhq.com,2013
2023,Groom HQ,www.groomhq.com,2013
2024,Groom HQ,www.groomhq.com,2013
2003,Change My School,www.changemyschool.com,2013
2004,Change My School,www.changemyschool.com,2013
2005,Change My School,www.changemyschool.com,2013
2006,Change My School,www.changemyschool.com,2013
2007,Change My School,www.changemyschool.com,2013
2008,Change My School,www.changemyschool.com,2013
2009,Change My School,www.changemyschool.com,2013
2010,Change My School,www.changemyschool.com,2013
2011,Change My School,www.changemyschool.com,2013
2012,Change My School,www.changemyschool.com,2013
2013,Change My School,www.changemyschool.com,2013
2014,Change My School,www.changemyschool.com,2013
2015,Change My School,www.changemyschool.com,2013
2016,Change My School,www.changemyschool.com,2013
2017,Change My School,www.changemyschool.com,2013
2018,Change My School,www.changemyschool.com,2013
2019,Change My School,www.changemyschool.com,2013
2020,Change My School,www.changemyschool.com,2013
2021,Change My School,www.changemyschool.com,2013
2022,Change My School,www.changemyschool.com,2013
2023,Change My School,www.changemyschool.com,2013
2024,Change My School,www.changemyschool.com,2013
2003,Collabra,www.collabramusic.com,2012
2004,Collabra,www.collabramusic.com,2012
2005,Collabra,www.collabramusic.com,2012
2006,Collabra,www.collabramusic.com,2012
2007,Collabra,www.collabramusic.com,2012
2008,Collabra,www.collabramusic.com,2012
2009,Collabra,www.collabramusic.com,2012
2010,Collabra,www.collabramusic.com,2012
2011,Collabra,www.collabramusic.com,2012
2012,Collabra,www.collabramusic.com,2012
2013,Collabra,www.collabramusic.com,2012
2014,Collabra,www.collabramusic.com,2012
2015,Collabra,www.collabramusic.com,2012
2016,Collabra,www.collabramusic.com,2012
2017,Collabra,www.collabramusic.com,2012
2018,Collabra,www.collabramusic.com,2012
2019,Collabra,www.collabramusic.com,2012
2020,Collabra,www.collabramusic.com,2012
2021,Collabra,www.collabramusic.com,2012
2022,Collabra,www.collabramusic.com,2012
2023,Collabra,www.collabramusic.com,2012
2024,Collabra,www.collabramusic.com,2012
2003,Ecomdash,www.ecomdash.com,2013
2004,Ecomdash,www.ecomdash.com,2013
2005,Ecomdash,www.ecomdash.com,2013
2006,Ecomdash,www.ecomdash.com,2013
2007,Ecomdash,www.ecomdash.com,2013
2008,Ecomdash,www.ecomdash.com,2013
2009,Ecomdash,www.ecomdash.com,2013
2010,Ecomdash,www.ecomdash.com,2013
2011,Ecomdash,www.ecomdash.com,2013
2012,Ecomdash,www.ecomdash.com,2013
2013,Ecomdash,www.ecomdash.com,2013
2014,Ecomdash,www.ecomdash.com,2013
2015,Ecomdash,www.ecomdash.com,2013
2016,Ecomdash,www.ecomdash.com,2013
2017,Ecomdash,www.ecomdash.com,2013
2018,Ecomdash,www.ecomdash.com,2013
2019,Ecomdash,www.ecomdash.com,2013
2020,Ecomdash,www.ecomdash.com,2013
2021,Ecomdash,www.ecomdash.com,2013
2022,Ecomdash,www.ecomdash.com,2013
2023,Ecomdash,www.ecomdash.com,2013
2024,Ecomdash,www.ecomdash.com,2013
2003,Levat,www.levate.com,2014
2004,Levat,www.levate.com,2014
2005,Levat,www.levate.com,2014
2006,Levat,www.levate.com,2014
2007,Levat,www.levate.com,2014
2008,Levat,www.levate.com,2014
2009,Levat,www.levate.com,2014
2010,Levat,www.levate.com,2014
2011,Levat,www.levate.com,2014
2012,Levat,www.levate.com,2014
2013,Levat,www.levate.com,2014
2014,Levat,www.levate.com,2014
2015,Levat,www.levate.com,2014
2016,Levat,www.levate.com,2014
2017,Levat,www.levate.com,2014
2018,Levat,www.levate.com,2014
2019,Levat,www.levate.com,2014
2020,Levat,www.levate.com,2014
2021,Levat,www.levate.com,2014
2022,Levat,www.levate.com,2014
2023,Levat,www.levate.com,2014
2024,Levat,www.levate.com,2014
2003,Market IQ,www.themarketiq.com,2011
2004,Market IQ,www.themarketiq.com,2011
2005,Market IQ,www.themarketiq.com,2011
2006,Market IQ,www.themarketiq.com,2011
2007,Market IQ,www.themarketiq.com,2011
2008,Market IQ,www.themarketiq.com,2011
2009,Market IQ,www.themarketiq.com,2011
2010,Market IQ,www.themarketiq.com,2011
2011,Market IQ,www.themarketiq.com,2011
2012,Market IQ,www.themarketiq.com,2011
2013,Market IQ,www.themarketiq.com,2011
2014,Market IQ,www.themarketiq.com,2011
2015,Market IQ,www.themarketiq.com,2011
2016,Market IQ,www.themarketiq.com,2011
2017,Market IQ,www.themarketiq.com,2011
2018,Market IQ,www.themarketiq.com,2011
2019,Market IQ,www.themarketiq.com,2011
2020,Market IQ,www.themarketiq.com,2011
2021,Market IQ,www.themarketiq.com,2011
2022,Market IQ,www.themarketiq.com,2011
2023,Market IQ,www.themarketiq.com,2011
2024,Market IQ,www.themarketiq.com,2011
2003,Grow,www.grow.com,2014
2004,Grow,www.grow.com,2014
2005,Grow,www.grow.com,2014
2006,Grow,www.grow.com,2014
2007,Grow,www.grow.com,2014
2008,Grow,www.grow.com,2014
2009,Grow,www.grow.com,2014
2010,Grow,www.grow.com,2014
2011,Grow,www.grow.com,2014
2012,Grow,www.grow.com,2014
2013,Grow,www.grow.com,2014
2014,Grow,www.grow.com,2014
2015,Grow,www.grow.com,2014
2016,Grow,www.grow.com,2014
2017,Grow,www.grow.com,2014
2018,Grow,www.grow.com,2014
2019,Grow,www.grow.com,2014
2020,Grow,www.grow.com,2014
2021,Grow,www.grow.com,2014
2022,Grow,www.grow.com,2014
2023,Grow,www.grow.com,2014
2024,Grow,www.grow.com,2014
2003,ClearVoice (Minnesota),www.clearvoicehealth.com,2012
2004,ClearVoice (Minnesota),www.clearvoicehealth.com,2012
2005,ClearVoice (Minnesota),www.clearvoicehealth.com,2012
2006,ClearVoice (Minnesota),www.clearvoicehealth.com,2012
2007,ClearVoice (Minnesota),www.clearvoicehealth.com,2012
2008,ClearVoice (Minnesota),www.clearvoicehealth.com,2012
2009,ClearVoice (Minnesota),www.clearvoicehealth.com,2012
2010,ClearVoice (Minnesota),www.clearvoicehealth.com,2012
2011,ClearVoice (Minnesota),www.clearvoicehealth.com,2012
2012,ClearVoice (Minnesota),www.clearvoicehealth.com,2012
2013,ClearVoice (Minnesota),www.clearvoicehealth.com,2012
2014,ClearVoice (Minnesota),www.clearvoicehealth.com,2012
2015,ClearVoice (Minnesota),www.clearvoicehealth.com,2012
2016,ClearVoice (Minnesota),www.clearvoicehealth.com,2012
2017,ClearVoice (Minnesota),www.clearvoicehealth.com,2012
2018,ClearVoice (Minnesota),www.clearvoicehealth.com,2012
2019,ClearVoice (Minnesota),www.clearvoicehealth.com,2012
2020,ClearVoice (Minnesota),www.clearvoicehealth.com,2012
2021,ClearVoice (Minnesota),www.clearvoicehealth.com,2012
2022,ClearVoice (Minnesota),www.clearvoicehealth.com,2012
2023,ClearVoice (Minnesota),www.clearvoicehealth.com,2012
2024,ClearVoice (Minnesota),www.clearvoicehealth.com,2012
2003,Chef'd,www.chefd.com,2015
2004,Chef'd,www.chefd.com,2015
2005,Chef'd,www.chefd.com,2015
2006,Chef'd,www.chefd.com,2015
2007,Chef'd,www.chefd.com,2015
2008,Chef'd,www.chefd.com,2015
2009,Chef'd,www.chefd.com,2015
2010,Chef'd,www.chefd.com,2015
2011,Chef'd,www.chefd.com,2015
2012,Chef'd,www.chefd.com,2015
2013,Chef'd,www.chefd.com,2015
2014,Chef'd,www.chefd.com,2015
2015,Chef'd,www.chefd.com,2015
2016,Chef'd,www.chefd.com,2015
2017,Chef'd,www.chefd.com,2015
2018,Chef'd,www.chefd.com,2015
2019,Chef'd,www.chefd.com,2015
2020,Chef'd,www.chefd.com,2015
2021,Chef'd,www.chefd.com,2015
2022,Chef'd,www.chefd.com,2015
2023,Chef'd,www.chefd.com,2015
2024,Chef'd,www.chefd.com,2015
2003,Hush Technology,www.hush.technology,2014
2004,Hush Technology,www.hush.technology,2014
2005,Hush Technology,www.hush.technology,2014
2006,Hush Technology,www.hush.technology,2014
2007,Hush Technology,www.hush.technology,2014
2008,Hush Technology,www.hush.technology,2014
2009,Hush Technology,www.hush.technology,2014
2010,Hush Technology,www.hush.technology,2014
2011,Hush Technology,www.hush.technology,2014
2012,Hush Technology,www.hush.technology,2014
2013,Hush Technology,www.hush.technology,2014
2014,Hush Technology,www.hush.technology,2014
2015,Hush Technology,www.hush.technology,2014
2016,Hush Technology,www.hush.technology,2014
2017,Hush Technology,www.hush.technology,2014
2018,Hush Technology,www.hush.technology,2014
2019,Hush Technology,www.hush.technology,2014
2020,Hush Technology,www.hush.technology,2014
2021,Hush Technology,www.hush.technology,2014
2022,Hush Technology,www.hush.technology,2014
2023,Hush Technology,www.hush.technology,2014
2024,Hush Technology,www.hush.technology,2014
2003,AlphaDraft,www.alphadraft.com,2014
2004,AlphaDraft,www.alphadraft.com,2014
2005,AlphaDraft,www.alphadraft.com,2014
2006,AlphaDraft,www.alphadraft.com,2014
2007,AlphaDraft,www.alphadraft.com,2014
2008,AlphaDraft,www.alphadraft.com,2014
2009,AlphaDraft,www.alphadraft.com,2014
2010,AlphaDraft,www.alphadraft.com,2014
2011,AlphaDraft,www.alphadraft.com,2014
2012,AlphaDraft,www.alphadraft.com,2014
2013,AlphaDraft,www.alphadraft.com,2014
2014,AlphaDraft,www.alphadraft.com,2014
2015,AlphaDraft,www.alphadraft.com,2014
2016,AlphaDraft,www.alphadraft.com,2014
2017,AlphaDraft,www.alphadraft.com,2014
2018,AlphaDraft,www.alphadraft.com,2014
2019,AlphaDraft,www.alphadraft.com,2014
2020,AlphaDraft,www.alphadraft.com,2014
2021,AlphaDraft,www.alphadraft.com,2014
2022,AlphaDraft,www.alphadraft.com,2014
2023,AlphaDraft,www.alphadraft.com,2014
2024,AlphaDraft,www.alphadraft.com,2014
2003,eLux Medical,www.eluxmedical.com,2013
2004,eLux Medical,www.eluxmedical.com,2013
2005,eLux Medical,www.eluxmedical.com,2013
2006,eLux Medical,www.eluxmedical.com,2013
2007,eLux Medical,www.eluxmedical.com,2013
2008,eLux Medical,www.eluxmedical.com,2013
2009,eLux Medical,www.eluxmedical.com,2013
2010,eLux Medical,www.eluxmedical.com,2013
2011,eLux Medical,www.eluxmedical.com,2013
2012,eLux Medical,www.eluxmedical.com,2013
2013,eLux Medical,www.eluxmedical.com,2013
2014,eLux Medical,www.eluxmedical.com,2013
2015,eLux Medical,www.eluxmedical.com,2013
2016,eLux Medical,www.eluxmedical.com,2013
2017,eLux Medical,www.eluxmedical.com,2013
2018,eLux Medical,www.eluxmedical.com,2013
2019,eLux Medical,www.eluxmedical.com,2013
2020,eLux Medical,www.eluxmedical.com,2013
2021,eLux Medical,www.eluxmedical.com,2013
2022,eLux Medical,www.eluxmedical.com,2013
2023,eLux Medical,www.eluxmedical.com,2013
2024,eLux Medical,www.eluxmedical.com,2013
2003,nCore Communications,www.ncorecommunications.com,2014
2004,nCore Communications,www.ncorecommunications.com,2014
2005,nCore Communications,www.ncorecommunications.com,2014
2006,nCore Communications,www.ncorecommunications.com,2014
2007,nCore Communications,www.ncorecommunications.com,2014
2008,nCore Communications,www.ncorecommunications.com,2014
2009,nCore Communications,www.ncorecommunications.com,2014
2010,nCore Communications,www.ncorecommunications.com,2014
2011,nCore Communications,www.ncorecommunications.com,2014
2012,nCore Communications,www.ncorecommunications.com,2014
2013,nCore Communications,www.ncorecommunications.com,2014
2014,nCore Communications,www.ncorecommunications.com,2014
2015,nCore Communications,www.ncorecommunications.com,2014
2016,nCore Communications,www.ncorecommunications.com,2014
2017,nCore Communications,www.ncorecommunications.com,2014
2018,nCore Communications,www.ncorecommunications.com,2014
2019,nCore Communications,www.ncorecommunications.com,2014
2020,nCore Communications,www.ncorecommunications.com,2014
2021,nCore Communications,www.ncorecommunications.com,2014
2022,nCore Communications,www.ncorecommunications.com,2014
2023,nCore Communications,www.ncorecommunications.com,2014
2024,nCore Communications,www.ncorecommunications.com,2014
2003,Seraphim (Electronics (B2C)),www.seraphdrone.com,2014
2004,Seraphim (Electronics (B2C)),www.seraphdrone.com,2014
2005,Seraphim (Electronics (B2C)),www.seraphdrone.com,2014
2006,Seraphim (Electronics (B2C)),www.seraphdrone.com,2014
2007,Seraphim (Electronics (B2C)),www.seraphdrone.com,2014
2008,Seraphim (Electronics (B2C)),www.seraphdrone.com,2014
2009,Seraphim (Electronics (B2C)),www.seraphdrone.com,2014
2010,Seraphim (Electronics (B2C)),www.seraphdrone.com,2014
2011,Seraphim (Electronics (B2C)),www.seraphdrone.com,2014
2012,Seraphim (Electronics (B2C)),www.seraphdrone.com,2014
2013,Seraphim (Electronics (B2C)),www.seraphdrone.com,2014
2014,Seraphim (Electronics (B2C)),www.seraphdrone.com,2014
2015,Seraphim (Electronics (B2C)),www.seraphdrone.com,2014
2016,Seraphim (Electronics (B2C)),www.seraphdrone.com,2014
2017,Seraphim (Electronics (B2C)),www.seraphdrone.com,2014
2018,Seraphim (Electronics (B2C)),www.seraphdrone.com,2014
2019,Seraphim (Electronics (B2C)),www.seraphdrone.com,2014
2020,Seraphim (Electronics (B2C)),www.seraphdrone.com,2014
2021,Seraphim (Electronics (B2C)),www.seraphdrone.com,2014
2022,Seraphim (Electronics (B2C)),www.seraphdrone.com,2014
2023,Seraphim (Electronics (B2C)),www.seraphdrone.com,2014
2024,Seraphim (Electronics (B2C)),www.seraphdrone.com,2014
2003,August Worldwide,www.seanwing.com/work/august,2014
2004,August Worldwide,www.seanwing.com/work/august,2014
2005,August Worldwide,www.seanwing.com/work/august,2014
2006,August Worldwide,www.seanwing.com/work/august,2014
2007,August Worldwide,www.seanwing.com/work/august,2014
2008,August Worldwide,www.seanwing.com/work/august,2014
2009,August Worldwide,www.seanwing.com/work/august,2014
2010,August Worldwide,www.seanwing.com/work/august,2014
2011,August Worldwide,www.seanwing.com/work/august,2014
2012,August Worldwide,www.seanwing.com/work/august,2014
2013,August Worldwide,www.seanwing.com/work/august,2014
2014,August Worldwide,www.seanwing.com/work/august,2014
2015,August Worldwide,www.seanwing.com/work/august,2014
2016,August Worldwide,www.seanwing.com/work/august,2014
2017,August Worldwide,www.seanwing.com/work/august,2014
2018,August Worldwide,www.seanwing.com/work/august,2014
2019,August Worldwide,www.seanwing.com/work/august,2014
2020,August Worldwide,www.seanwing.com/work/august,2014
2021,August Worldwide,www.seanwing.com/work/august,2014
2022,August Worldwide,www.seanwing.com/work/august,2014
2023,August Worldwide,www.seanwing.com/work/august,2014
2024,August Worldwide,www.seanwing.com/work/august,2014
2003,Robin (Systems and Information Management),www.robin.io,2013
2004,Robin (Systems and Information Management),www.robin.io,2013
2005,Robin (Systems and Information Management),www.robin.io,2013
2006,Robin (Systems and Information Management),www.robin.io,2013
2007,Robin (Systems and Information Management),www.robin.io,2013
2008,Robin (Systems and Information Management),www.robin.io,2013
2009,Robin (Systems and Information Management),www.robin.io,2013
2010,Robin (Systems and Information Management),www.robin.io,2013
2011,Robin (Systems and Information Management),www.robin.io,2013
2012,Robin (Systems and Information Management),www.robin.io,2013
2013,Robin (Systems and Information Management),www.robin.io,2013
2014,Robin (Systems and Information Management),www.robin.io,2013
2015,Robin (Systems and Information Management),www.robin.io,2013
2016,Robin (Systems and Information Management),www.robin.io,2013
2017,Robin (Systems and Information Management),www.robin.io,2013
2018,Robin (Systems and Information Management),www.robin.io,2013
2019,Robin (Systems and Information Management),www.robin.io,2013
2020,Robin (Systems and Information Management),www.robin.io,2013
2021,Robin (Systems and Information Management),www.robin.io,2013
2022,Robin (Systems and Information Management),www.robin.io,2013
2023,Robin (Systems and Information Management),www.robin.io,2013
2024,Robin (Systems and Information Management),www.robin.io,2013
2003,VideoAmp,www.videoamp.com,2014
2004,VideoAmp,www.videoamp.com,2014
2005,VideoAmp,www.videoamp.com,2014
2006,VideoAmp,www.videoamp.com,2014
2007,VideoAmp,www.videoamp.com,2014
2008,VideoAmp,www.videoamp.com,2014
2009,VideoAmp,www.videoamp.com,2014
2010,VideoAmp,www.videoamp.com,2014
2011,VideoAmp,www.videoamp.com,2014
2012,VideoAmp,www.videoamp.com,2014
2013,VideoAmp,www.videoamp.com,2014
2014,VideoAmp,www.videoamp.com,2014
2015,VideoAmp,www.videoamp.com,2014
2016,VideoAmp,www.videoamp.com,2014
2017,VideoAmp,www.videoamp.com,2014
2018,VideoAmp,www.videoamp.com,2014
2019,VideoAmp,www.videoamp.com,2014
2020,VideoAmp,www.videoamp.com,2014
2021,VideoAmp,www.videoamp.com,2014
2022,VideoAmp,www.videoamp.com,2014
2023,VideoAmp,www.videoamp.com,2014
2024,VideoAmp,www.videoamp.com,2014
